Label_Validator,Emoji,Count,Emoji_Asli
0,emoji_loudly_crying_face,8164,emoji_loudly_crying_face
0,emoji_rolling_on_the_floor_laughing,3528,emoji_rolling_on_the_floor_laughing
0,emoji_face_with_tears_of_joy,5437,emoji_face_with_tears_of_joy
0,emoji_face_with_hand_over_mouth,602,emoji_face_with_hand_over_mouth
0,emoji_smiling_face_with_hearts,759,emoji_smiling_face_with_hearts
0,emoji_enraged_face,67,emoji_enraged_face
0,emoji_moai,2357,emoji_moai
0,emoji_smiling_face_with_halo,223,emoji_smiling_face_with_halo
0,emoji_leaf_fluttering_in_wind,6,emoji_leaf_fluttering_in_wind
0,emoji_folded_hands,1416,emoji_folded_hands
0,emoji_weary_face,135,emoji_weary_face
0,emoji_man_fairy_light_skin_tone,1,emoji_man_fairy_light_skin_tone
0,emoji_cat_with_tears_of_joy,1370,emoji_cat_with_tears_of_joy
0,emoji_face_with_symbols_on_mouth,12,emoji_face_with_symbols_on_mouth
0,emoji_folded_hands_light_skin_tone,404,emoji_folded_hands_light_skin_tone
0,emoji_thumbs_up,597,emoji_thumbs_up
0,emoji_flushed_face,228,emoji_flushed_face
0,emoji_crown,36,emoji_crown
0,emoji_face_savoring_food,130,emoji_face_savoring_food
0,emoji_zany_face,160,emoji_zany_face
0,emoji_dizzy,47,emoji_dizzy
0,emoji_star,69,emoji_star
0,emoji_grinning_face_with_sweat,1067,emoji_grinning_face_with_sweat
0,emoji_beaming_face_with_smiling_eyes,1028,emoji_beaming_face_with_smiling_eyes
0,emoji_smiling_face,184,emoji_smiling_face
0,emoji_grinning_squinting_face,215,emoji_grinning_squinting_face
0,emoji_ghost,9,emoji_ghost
0,emoji_fire,611,emoji_fire
0,emoji_heart_exclamation,6,emoji_heart_exclamation
0,emoji_handshake,72,emoji_handshake
0,emoji_person_gesturing_ok,4,emoji_person_gesturing_ok
0,emoji_angry_face,17,emoji_angry_face
0,emoji_heart_hands,12,emoji_heart_hands
0,emoji_face_with_crossed,10,emoji_face_with_crossed
0,emoji_face_with_raised_eyebrow,26,emoji_face_with_raised_eyebrow
0,emoji_smiling_face_with_open_hands,76,emoji_smiling_face_with_open_hands
0,emoji_smiling_face_with_smiling_eyes,296,emoji_smiling_face_with_smiling_eyes
0,emoji_hibiscus,6,emoji_hibiscus
0,emoji_bouquet,34,emoji_bouquet
0,emoji_rose,66,emoji_rose
0,emoji_rocket,36,emoji_rocket
0,emoji_nazar_amulet,10,emoji_nazar_amulet
0,emoji_smiling_face_with_horns,31,emoji_smiling_face_with_horns
0,emoji_face_with_rolling_eyes,90,emoji_face_with_rolling_eyes
0,emoji_mahjong_red_dragon,10,emoji_mahjong_red_dragon
0,emoji_anatomical_heart,10,emoji_anatomical_heart
0,emoji_comet,18,emoji_comet
0,emoji_hamsa,1,emoji_hamsa
0,emoji_t,12,emoji_t
0,emoji_high_voltage,39,emoji_high_voltage
0,emoji_smirking_face,178,emoji_smirking_face
0,emoji_raising_hands_light_skin_tone,7,emoji_raising_hands_light_skin_tone
0,emoji_clapping_hands,42,emoji_clapping_hands
0,emoji_skull,61,emoji_skull
0,emoji_collision,23,emoji_collision
0,emoji_woman_dancing,72,emoji_woman_dancing
0,emoji_hundred_points,52,emoji_hundred_points
0,emoji_smiling_face_with_tear,84,emoji_smiling_face_with_tear
0,emoji_melting_face,21,emoji_melting_face
0,emoji_crying_face,231,emoji_crying_face
0,emoji_slightly_smiling_face,135,emoji_slightly_smiling_face
0,emoji_right,2,emoji_right
0,emoji_grimacing_face,43,emoji_grimacing_face
0,emoji_pleading_face,506,emoji_pleading_face
0,emoji_tired_face,84,emoji_tired_face
0,emoji_grinning_face_with_smiling_eyes,135,emoji_grinning_face_with_smiling_eyes
0,emoji_winking_face_with_tongue,80,emoji_winking_face_with_tongue
0,emoji_backhand_index_pointing_up_light_skin_tone,3,emoji_backhand_index_pointing_up_light_skin_tone
0,emoji_ringed_planet,18,emoji_ringed_planet
0,emoji_dragon,4,emoji_dragon
0,emoji_libra,1,emoji_libra
0,emoji_pensive_face,402,emoji_pensive_face
0,emoji_blue_heart,12,emoji_blue_heart
0,emoji_relieved_face,312,emoji_relieved_face
0,emoji_yawning_face,16,emoji_yawning_face
0,emoji_person_facepalming,30,emoji_person_facepalming
0,emoji_white_heart,104,emoji_white_heart
0,emoji_black_heart,19,emoji_black_heart
0,emoji_sparkles,52,emoji_sparkles
0,emoji_disappointed_face,143,emoji_disappointed_face
0,emoji_face_holding_back_tears,145,emoji_face_holding_back_tears
0,emoji_upside,60,emoji_upside
0,emoji_saluting_face,11,emoji_saluting_face
0,emoji_supervillain,2,emoji_supervillain
0,emoji_face_with_thermometer,2,emoji_face_with_thermometer
0,emoji_seal,1,emoji_seal
0,emoji_registered,2,emoji_registered
0,emoji_glowing_star,7,emoji_glowing_star
0,emoji_part_alternation_mark,5,emoji_part_alternation_mark
0,emoji_thinking_face,119,emoji_thinking_face
0,emoji_yin_yang,1,emoji_yin_yang
0,emoji_id_button,1,emoji_id_button
0,emoji_maple_leaf,6,emoji_maple_leaf
0,emoji_person_raising_hand_light_skin_tone,1,emoji_person_raising_hand_light_skin_tone
0,emoji_male_sign,9,emoji_male_sign
0,emoji_zzz,21,emoji_zzz
0,emoji_person_juggling,1,emoji_person_juggling
0,emoji_female_sign,32,emoji_female_sign
0,emoji_raising_hands,12,emoji_raising_hands
0,emoji_bubbles,29,emoji_bubbles
0,emoji_squinting_face_with_tongue,37,emoji_squinting_face_with_tongue
0,emoji_ninja,5,emoji_ninja
0,emoji_dna,3,emoji_dna
0,emoji_o_button_,4,emoji_o_button_
0,emoji_p_button,2,emoji_p_button
0,emoji_hot_beverage,20,emoji_hot_beverage
0,emoji_sleeping_face,5,emoji_sleeping_face
0,emoji_a_button_,41,emoji_a_button_
0,emoji_cold_face,19,emoji_cold_face
0,emoji_smiling_face_with_sunglasses,94,emoji_smiling_face_with_sunglasses
0,emoji_flexed_biceps,93,emoji_flexed_biceps
0,emoji_palm_tree,2,emoji_palm_tree
0,emoji_japanese_prohibited_button,1,emoji_japanese_prohibited_button
0,emoji_shamrock,5,emoji_shamrock
0,emoji_person_kneeling,6,emoji_person_kneeling
0,emoji_winking_face,29,emoji_winking_face
0,emoji_skull_and_crossbones,29,emoji_skull_and_crossbones
0,emoji_wilted_flower,213,emoji_wilted_flower
0,emoji_palms_up_together_light_skin_tone,36,emoji_palms_up_together_light_skin_tone
0,emoji_palms_up_together,127,emoji_palms_up_together
0,emoji_water_wave,11,emoji_water_wave
0,emoji_crescent_moon,5,emoji_crescent_moon
0,emoji_writing_hand,1,emoji_writing_hand
0,emoji_kiss_mark,61,emoji_kiss_mark
0,emoji_blossom,5,emoji_blossom
0,emoji_butterfly,35,emoji_butterfly
0,emoji_anger_symbol,4,emoji_anger_symbol
0,emoji_ribbon,37,emoji_ribbon
0,emoji_broken_heart,195,emoji_broken_heart
0,emoji_face_with_open_mouth,110,emoji_face_with_open_mouth
0,emoji_fairy_light_skin_tone,3,emoji_fairy_light_skin_tone
0,emoji_sunflower,15,emoji_sunflower
0,emoji_red_question_mark,8,emoji_red_question_mark
0,emoji_hamster,2,emoji_hamster
0,emoji_face_screaming_in_fear,68,emoji_face_screaming_in_fear
0,emoji_nerd_face,35,emoji_nerd_face
0,emoji_face_with_tongue,8,emoji_face_with_tongue
0,emoji_face_blowing_a_kiss,161,emoji_face_blowing_a_kiss
0,emoji_money,6,emoji_money
0,emoji_tropical_fish,1,emoji_tropical_fish
0,emoji_dolphin,2,emoji_dolphin
0,emoji_bone,1,emoji_bone
0,emoji_brain,3,emoji_brain
0,emoji_poultry_leg,1,emoji_poultry_leg
0,emoji_tiger,1,emoji_tiger
0,emoji_rightwards_pushing_hand_light_skin_tone,1,emoji_rightwards_pushing_hand_light_skin_tone
0,emoji_sign_of_the_horns_light_skin_tone,6,emoji_sign_of_the_horns_light_skin_tone
0,emoji_cherries,7,emoji_cherries
0,emoji_coral,3,emoji_coral
0,emoji_jellyfish,4,emoji_jellyfish
0,emoji_palm_down_hand_light_skin_tone,1,emoji_palm_down_hand_light_skin_tone
0,emoji_oncoming_fist_medium,1,emoji_oncoming_fist_medium
0,emoji_grinning_face_with_big_eyes,67,emoji_grinning_face_with_big_eyes
0,emoji_leftwards_pushing_hand_medium,1,emoji_leftwards_pushing_hand_medium
0,emoji_ogre,18,emoji_ogre
0,emoji_flexed_biceps_light_skin_tone,4,emoji_flexed_biceps_light_skin_tone
0,emoji_smiling_face_with_heart,357,emoji_smiling_face_with_heart
0,emoji_grinning_face,138,emoji_grinning_face
0,emoji_headphone,7,emoji_headphone
0,emoji_love_hotel,1,emoji_love_hotel
0,emoji_spiral_notepad,1,emoji_spiral_notepad
0,emoji_lollipop,3,emoji_lollipop
0,emoji_call_me_hand,15,emoji_call_me_hand
0,emoji_eyes,14,emoji_eyes
0,emoji_nauseated_face,5,emoji_nauseated_face
0,emoji_face_vomiting,17,emoji_face_vomiting
0,emoji_tulip,42,emoji_tulip
0,emoji_sauropod,7,emoji_sauropod
0,emoji_index_pointing_at_the_viewer_medium,6,emoji_index_pointing_at_the_viewer_medium
0,emoji_woman_light_skin_tone,2,emoji_woman_light_skin_tone
0,emoji_medical_symbol,1,emoji_medical_symbol
0,emoji_koala,1,emoji_koala
0,emoji_beaver,1,emoji_beaver
0,emoji_unamused_face,32,emoji_unamused_face
0,emoji_two_hearts,27,emoji_two_hearts
0,emoji_cherry_blossom,15,emoji_cherry_blossom
0,emoji_fearful_face,19,emoji_fearful_face
0,emoji_folded_hands_medium_skin_tone,15,emoji_folded_hands_medium_skin_tone
0,emoji_person_running,8,emoji_person_running
0,emoji_double_exclamation_mark,28,emoji_double_exclamation_mark
0,emoji_dove,89,emoji_dove
0,emoji_spider_web,8,emoji_spider_web
0,emoji_cyclone,13,emoji_cyclone
0,emoji_taurus,1,emoji_taurus
0,emoji_face_with_steam_from_nose,18,emoji_face_with_steam_from_nose
0,emoji_thumbs_up_light_skin_tone,34,emoji_thumbs_up_light_skin_tone
0,emoji_persevering_face,7,emoji_persevering_face
0,emoji_see,39,emoji_see
0,emoji_face_with_peeking_eye,16,emoji_face_with_peeking_eye
0,emoji_cat_face,5,emoji_cat_face
0,emoji_hot_face,36,emoji_hot_face
0,emoji_bat,2,emoji_bat
0,emoji_call_me_hand_medium,1,emoji_call_me_hand_medium
0,emoji_tomato,1,emoji_tomato
0,emoji_neutral_face,26,emoji_neutral_face
0,emoji_face_with_monocle,15,emoji_face_with_monocle
0,emoji_camera_with_flash,2,emoji_camera_with_flash
0,emoji_new_moon_face,4,emoji_new_moon_face
0,emoji_check_mark_button,69,emoji_check_mark_button
0,emoji_bird,19,emoji_bird
0,emoji_confounded_face,5,emoji_confounded_face
0,emoji_drooling_face,54,emoji_drooling_face
0,emoji_kissing_face,55,emoji_kissing_face
0,emoji_aries,3,emoji_aries
0,emoji_umbrella,1,emoji_umbrella
0,emoji_mango,1,emoji_mango
0,emoji_avocado,4,emoji_avocado
0,emoji_red_apple,1,emoji_red_apple
0,emoji_grapes,2,emoji_grapes
0,emoji_tangerine,2,emoji_tangerine
0,emoji_clown_face,60,emoji_clown_face
0,emoji_chequered_flag,1,emoji_chequered_flag
0,emoji_sneezing_face,19,emoji_sneezing_face
0,emoji_cowboy_hat_face,1,emoji_cowboy_hat_face
0,emoji_victory_hand_light_skin_tone,9,emoji_victory_hand_light_skin_tone
0,emoji_exploding_head,6,emoji_exploding_head
0,emoji_hushed_face,18,emoji_hushed_face
0,emoji_shushing_face,17,emoji_shushing_face
0,emoji_chart_increasing,19,emoji_chart_increasing
0,emoji_frowning_face,108,emoji_frowning_face
0,emoji_trophy,1,emoji_trophy
0,emoji_toolbox,1,emoji_toolbox
0,emoji_backhand_index_pointing_up,6,emoji_backhand_index_pointing_up
0,emoji_clinking_glasses,2,emoji_clinking_glasses
0,emoji_hand_with_index_finger_and_thumb_crossed_light_skin_tone,6,emoji_hand_with_index_finger_and_thumb_crossed_light_skin_tone
0,emoji_pinching_hand_light_skin_tone,5,emoji_pinching_hand_light_skin_tone
0,emoji_victory_hand,41,emoji_victory_hand
0,emoji_frowning_face_with_open_mouth,2,emoji_frowning_face_with_open_mouth
0,emoji_woman_dancing_light_skin_tone,7,emoji_woman_dancing_light_skin_tone
0,emoji_person_cartwheeling_light_skin_tone,1,emoji_person_cartwheeling_light_skin_tone
0,emoji_eagle,9,emoji_eagle
0,emoji_expressionless_face,51,emoji_expressionless_face
0,emoji_index_pointing_at_the_viewer,28,emoji_index_pointing_at_the_viewer
0,emoji_exclamation_question_mark,4,emoji_exclamation_question_mark
0,emoji_green_apple,1,emoji_green_apple
0,emoji_woozy_face,13,emoji_woozy_face
0,emoji_fairy,6,emoji_fairy
0,emoji_light_skin_tone,1,emoji_light_skin_tone
0,emoji_index_pointing_up_light_skin_tone,14,emoji_index_pointing_up_light_skin_tone
0,emoji_honeybee,4,emoji_honeybee
0,emoji_honey_pot,1,emoji_honey_pot
0,emoji_airplane,6,emoji_airplane
0,emoji_panda,1,emoji_panda
0,emoji_feather,1,emoji_feather
0,emoji_trade_mark,4,emoji_trade_mark
0,emoji_folded_hands_medium,29,emoji_folded_hands_medium
0,emoji_billed_cap,8,emoji_billed_cap
0,emoji_person_cartwheeling,2,emoji_person_cartwheeling
0,emoji_triangular_flag,7,emoji_triangular_flag
0,emoji_last_quarter_moon_face,1,emoji_last_quarter_moon_face
0,emoji_confetti_ball,5,emoji_confetti_ball
0,emoji_merperson,7,emoji_merperson
0,emoji_pinching_hand_medium,1,emoji_pinching_hand_medium
0,emoji_palm_up_hand_light_skin_tone,23,emoji_palm_up_hand_light_skin_tone
0,emoji_kissing_face_with_closed_eyes,18,emoji_kissing_face_with_closed_eyes
0,emoji_love,40,emoji_love
0,emoji_biting_lip,13,emoji_biting_lip
0,emoji_index_pointing_up,10,emoji_index_pointing_up
0,emoji_index_pointing_at_the_viewer_light_skin_tone,30,emoji_index_pointing_at_the_viewer_light_skin_tone
0,emoji_money_with_wings,9,emoji_money_with_wings
0,emoji_credit_card,7,emoji_credit_card
0,emoji_cross_mark,49,emoji_cross_mark
0,emoji_sad_but_relieved_face,25,emoji_sad_but_relieved_face
0,emoji_white_question_mark,1,emoji_white_question_mark
0,emoji_cooking,1,emoji_cooking
0,emoji_white_exclamation_mark,2,emoji_white_exclamation_mark
0,emoji_raised_hand,8,emoji_raised_hand
0,emoji_speaking_head,10,emoji_speaking_head
0,emoji_snake,3,emoji_snake
0,emoji_left,4,emoji_left
0,emoji_front,1,emoji_front
0,emoji_heart_hands_medium,10,emoji_heart_hands_medium
0,emoji_cross_mark_button,23,emoji_cross_mark_button
0,emoji_heavy_dollar_sign,1,emoji_heavy_dollar_sign
0,emoji_flamingo,2,emoji_flamingo
0,emoji_strawberry,7,emoji_strawberry
0,emoji_flexed_biceps_dark_skin_tone,1,emoji_flexed_biceps_dark_skin_tone
0,emoji_backhand_index_pointing_right,2,emoji_backhand_index_pointing_right
0,emoji_backhand_index_pointing_left,2,emoji_backhand_index_pointing_left
0,emoji_soccer_ball,6,emoji_soccer_ball
0,emoji_snowflake,5,emoji_snowflake
0,emoji_squid,4,emoji_squid
0,emoji_lipstick,2,emoji_lipstick
0,emoji_ok_hand,49,emoji_ok_hand
0,emoji_hand_with_fingers_splayed,10,emoji_hand_with_fingers_splayed
0,emoji_black_flag,1,emoji_black_flag
0,emoji_minus,1,emoji_minus
0,emoji_call_me_hand_light_skin_tone,16,emoji_call_me_hand_light_skin_tone
0,emoji_anxious_face_with_sweat,20,emoji_anxious_face_with_sweat
0,emoji_speak,2,emoji_speak
0,emoji_smiling_cat_with_heart,28,emoji_smiling_cat_with_heart
0,emoji_pinched_fingers_light_skin_tone,2,emoji_pinched_fingers_light_skin_tone
0,emoji_deaf_person_light_skin_tone,1,emoji_deaf_person_light_skin_tone
0,emoji_face_without_mouth,7,emoji_face_without_mouth
0,emoji_check_mark,18,emoji_check_mark
0,emoji_musical_notes,3,emoji_musical_notes
0,emoji_man_dancing,19,emoji_man_dancing
0,emoji_cloud,1,emoji_cloud
0,emoji_alien,2,emoji_alien
0,emoji_double_curly_loop,1,emoji_double_curly_loop
0,emoji_genie,3,emoji_genie
0,emoji_heart_hands_light_skin_tone,14,emoji_heart_hands_light_skin_tone
0,emoji_oncoming_fist,10,emoji_oncoming_fist
0,emoji_downcast_face_with_sweat,29,emoji_downcast_face_with_sweat
0,emoji_backhand_index_pointing_down,17,emoji_backhand_index_pointing_down
0,emoji_hear,8,emoji_hear
0,emoji_teddy_bear,6,emoji_teddy_bear
0,emoji_paperclip,4,emoji_paperclip
0,emoji_money_bag,6,emoji_money_bag
0,emoji_dvd,4,emoji_dvd
0,emoji_bell,8,emoji_bell
0,emoji_crystal_ball,7,emoji_crystal_ball
0,emoji_rainbow,11,emoji_rainbow
0,emoji_oncoming_police_car,4,emoji_oncoming_police_car
0,emoji_globe_showing_europe,6,emoji_globe_showing_europe
0,emoji_banana,11,emoji_banana
0,emoji_fox,7,emoji_fox
0,emoji_broom,2,emoji_broom
0,emoji_frog,1,emoji_frog
0,emoji_face_with_head,6,emoji_face_with_head
0,emoji_yellow_heart,3,emoji_yellow_heart
0,emoji_green_heart,14,emoji_green_heart
0,emoji_baby_angel,2,emoji_baby_angel
0,emoji_person_facepalming_light_skin_tone,3,emoji_person_facepalming_light_skin_tone
0,emoji_woman_with_headscarf,1,emoji_woman_with_headscarf
0,emoji_mirror,3,emoji_mirror
0,emoji_dashing_away,7,emoji_dashing_away
0,emoji_herb,3,emoji_herb
0,emoji_palms_up_together_medium,2,emoji_palms_up_together_medium
0,emoji_raised_fist,7,emoji_raised_fist
0,emoji_confused_face,13,emoji_confused_face
0,emoji_index_pointing_up_medium,2,emoji_index_pointing_up_medium
0,emoji_clapping_hands_light_skin_tone,2,emoji_clapping_hands_light_skin_tone
0,emoji_adhesive_bandage,3,emoji_adhesive_bandage
0,emoji_people_hugging,21,emoji_people_hugging
0,emoji_hand_with_fingers_splayed_light_skin_tone,6,emoji_hand_with_fingers_splayed_light_skin_tone
0,emoji_pink_heart,12,emoji_pink_heart
0,emoji_slightly_frowning_face,11,emoji_slightly_frowning_face
0,emoji_star_and_crescent,6,emoji_star_and_crescent
0,emoji_latin_cross,8,emoji_latin_cross
0,emoji_waving_hand,4,emoji_waving_hand
0,emoji_om,2,emoji_om
0,emoji_hand_with_index_finger_and_thumb_crossed,7,emoji_hand_with_index_finger_and_thumb_crossed
0,emoji_grey_heart,2,emoji_grey_heart
0,emoji_wing,4,emoji_wing
0,emoji_wedding,1,emoji_wedding
0,emoji_candle,2,emoji_candle
0,emoji_worried_face,4,emoji_worried_face
0,emoji_whale,2,emoji_whale
0,emoji_orange_heart,3,emoji_orange_heart
0,emoji_revolving_hearts,25,emoji_revolving_hearts
0,emoji_palms_up_together_medium_skin_tone,3,emoji_palms_up_together_medium_skin_tone
0,emoji_raised_hand_light_skin_tone,1,emoji_raised_hand_light_skin_tone
0,emoji_oncoming_fist_light_skin_tone,5,emoji_oncoming_fist_light_skin_tone
0,emoji_victory_hand_medium,3,emoji_victory_hand_medium
0,emoji_nail_polish,10,emoji_nail_polish
0,emoji_eggplant,2,emoji_eggplant
0,emoji_butter,1,emoji_butter
0,emoji_baguette_bread,1,emoji_baguette_bread
0,emoji_cheese_wedge,2,emoji_cheese_wedge
0,emoji_cup_with_straw,1,emoji_cup_with_straw
0,emoji_pile_of_poo,7,emoji_pile_of_poo
0,emoji_face_with_medical_mask,3,emoji_face_with_medical_mask
0,emoji_zipper,9,emoji_zipper
0,emoji_chair,1,emoji_chair
0,emoji_dog,1,emoji_dog
0,emoji_clapping_hands_medium,3,emoji_clapping_hands_medium
0,emoji_purple_heart,6,emoji_purple_heart
0,emoji_cat,6,emoji_cat
0,emoji_tiger_face,4,emoji_tiger_face
0,emoji_pretzel,3,emoji_pretzel
0,emoji_wheel_of_dharma,1,emoji_wheel_of_dharma
0,emoji_person_shrugging,2,emoji_person_shrugging
0,emoji_face_with_bags_under_eyes,2,emoji_face_with_bags_under_eyes
0,emoji_dog_face,6,emoji_dog_face
0,emoji_vs_button,1,emoji_vs_button
0,emoji_raised_fist_light_skin_tone,1,emoji_raised_fist_light_skin_tone
0,emoji_face_with_open_eyes_and_hand_over_mouth,13,emoji_face_with_open_eyes_and_hand_over_mouth
0,emoji_admission_tickets,1,emoji_admission_tickets
0,emoji_teacup_without_handle,2,emoji_teacup_without_handle
0,emoji_swan,3,emoji_swan
0,emoji_astonished_face,4,emoji_astonished_face
0,emoji_speaker_high_volume,2,emoji_speaker_high_volume
0,emoji_brown_heart,2,emoji_brown_heart
0,emoji_flexed_biceps_medium,7,emoji_flexed_biceps_medium
0,emoji_white_flag,7,emoji_white_flag
0,emoji_black_large_square,2,emoji_black_large_square
0,emoji_crying_cat,5,emoji_crying_cat
0,emoji_hatching_chick,10,emoji_hatching_chick
0,emoji_watermelon,6,emoji_watermelon
0,emoji_camera,3,emoji_camera
0,emoji_girl_light_skin_tone,2,emoji_girl_light_skin_tone
0,emoji_person_light_skin_tone,1,emoji_person_light_skin_tone
0,emoji_up,4,emoji_up
0,emoji_fog,1,emoji_fog
0,emoji_person_shrugging_light_skin_tone,5,emoji_person_shrugging_light_skin_tone
0,emoji_racing_car,3,emoji_racing_car
0,emoji_test_tube,2,emoji_test_tube
0,emoji_drop_of_blood,1,emoji_drop_of_blood
0,emoji_pouting_cat,3,emoji_pouting_cat
0,emoji_cow_face,2,emoji_cow_face
0,emoji_crossed_fingers_light_skin_tone,2,emoji_crossed_fingers_light_skin_tone
0,emoji_copyright,1,emoji_copyright
0,emoji_bug,2,emoji_bug
0,emoji_lemon,1,emoji_lemon
0,emoji_green_square,1,emoji_green_square
0,emoji_paw_prints,4,emoji_paw_prints
0,emoji_person_gesturing_no_light_skin_tone,3,emoji_person_gesturing_no_light_skin_tone
0,emoji_chains,1,emoji_chains
0,emoji_waning_crescent_moon,1,emoji_waning_crescent_moon
0,emoji_movie_camera,1,emoji_movie_camera
0,emoji_person_raising_hand,1,emoji_person_raising_hand
0,emoji_ring,2,emoji_ring
0,emoji_monkey,18,emoji_monkey
0,emoji_party_popper,93,emoji_party_popper
0,emoji_thumbs_down,22,emoji_thumbs_down
0,emoji_angry_face_with_horns,11,emoji_angry_face_with_horns
0,emoji_right_arrow,16,emoji_right_arrow
0,emoji_thumbs_up_medium,12,emoji_thumbs_up_medium
0,emoji_dragon_face,1,emoji_dragon_face
0,emoji_chocolate_bar,2,emoji_chocolate_bar
0,emoji_candy,3,emoji_candy
0,emoji_umbrella_on_ground,1,emoji_umbrella_on_ground
0,emoji_sign_of_the_horns,5,emoji_sign_of_the_horns
0,emoji_sewing_needle,3,emoji_sewing_needle
0,emoji_police_car_light,2,emoji_police_car_light
0,emoji_busts_in_silhouette,2,emoji_busts_in_silhouette
0,emoji_heart_with_arrow,16,emoji_heart_with_arrow
0,emoji_person_fencing,3,emoji_person_fencing
0,emoji_nose,2,emoji_nose
0,emoji_man_dark_skin_tone_curly_hair,1,emoji_man_dark_skin_tone_curly_hair
0,emoji_nose_dark_skin_tone,1,emoji_nose_dark_skin_tone
0,emoji_thumbs_up_dark_skin_tone,1,emoji_thumbs_up_dark_skin_tone
0,emoji_splatter,1,emoji_splatter
0,emoji_wind_face,2,emoji_wind_face
0,emoji_rightwards_pushing_hand,2,emoji_rightwards_pushing_hand
0,emoji_face_with_spiral_eyes,13,emoji_face_with_spiral_eyes
0,emoji_leftwards_pushing_hand,1,emoji_leftwards_pushing_hand
0,emoji_head_shaking_vertically,3,emoji_head_shaking_vertically
0,emoji_woman_playing_handball,15,emoji_woman_playing_handball
0,emoji_folded_hands_dark_skin_tone,4,emoji_folded_hands_dark_skin_tone
0,emoji_person_playing_handball_light_skin_tone,3,emoji_person_playing_handball_light_skin_tone
0,emoji_woman_fairy_light_skin_tone,5,emoji_woman_fairy_light_skin_tone
0,emoji_woman_fairy,5,emoji_woman_fairy
0,emoji_bust_in_silhouette,3,emoji_bust_in_silhouette
0,emoji_clipperton_island,57,emoji_clipperton_island
0,emoji_gorilla,11,emoji_gorilla
0,emoji_fish,3,emoji_fish
0,emoji_multiply,1,emoji_multiply
0,emoji_boxing_glove,3,emoji_boxing_glove
0,emoji_spider,5,emoji_spider
0,emoji_recycling_symbol,3,emoji_recycling_symbol
0,emoji_litter_in_bin_sign,2,emoji_litter_in_bin_sign
0,emoji_duck,6,emoji_duck
0,emoji_pig,3,emoji_pig
0,emoji_keycap_,12,emoji_keycap_
0,emoji_couch_and_lamp,1,emoji_couch_and_lamp
0,emoji_man_cartwheeling,1,emoji_man_cartwheeling
0,emoji_mending_heart,3,emoji_mending_heart
0,emoji_woman_fairy_medium,1,emoji_woman_fairy_medium
0,emoji_woman_gesturing_ok,2,emoji_woman_gesturing_ok
0,emoji_woman_bowing_light_skin_tone,2,emoji_woman_bowing_light_skin_tone
0,emoji_wireless,1,emoji_wireless
0,emoji_princess_medium_skin_tone,1,emoji_princess_medium_skin_tone
0,emoji_light_blue_heart,1,emoji_light_blue_heart
0,emoji_russia,2,emoji_russia
0,emoji_mermaid,2,emoji_mermaid
0,emoji_crossed_swords,1,emoji_crossed_swords
0,emoji_pig_nose,2,emoji_pig_nose
0,emoji_rabbit,3,emoji_rabbit
0,emoji_lotus,3,emoji_lotus
0,emoji_crab,14,emoji_crab
0,emoji_mechanical_arm,1,emoji_mechanical_arm
0,emoji_alien_monster,6,emoji_alien_monster
0,emoji_cat_with_wry_smile,5,emoji_cat_with_wry_smile
0,emoji_heart_on_fire,3,emoji_heart_on_fire
0,emoji_ophiuchus,2,emoji_ophiuchus
0,emoji_woman_frowning,1,emoji_woman_frowning
0,emoji_pinching_hand,6,emoji_pinching_hand
0,emoji_orangutan,1,emoji_orangutan
0,emoji_victory_hand_dark_skin_tone,1,emoji_victory_hand_dark_skin_tone
0,emoji_flying_saucer,1,emoji_flying_saucer
0,emoji_deaf_woman_medium,1,emoji_deaf_woman_medium
0,emoji_fish_cake_with_swirl,2,emoji_fish_cake_with_swirl
0,emoji_ballet_shoes,3,emoji_ballet_shoes
0,emoji_new_button,1,emoji_new_button
0,emoji_guitar,2,emoji_guitar
0,emoji_diving_mask,1,emoji_diving_mask
0,emoji_mount_fuji,5,emoji_mount_fuji
0,emoji_artist_palette,1,emoji_artist_palette
0,emoji_mirror_ball,2,emoji_mirror_ball
0,emoji_superhero,4,emoji_superhero
0,emoji_spouting_whale,1,emoji_spouting_whale
0,emoji_bear,3,emoji_bear
0,emoji_china,1,emoji_china
0,emoji_woman_dancing_dark_skin_tone,1,emoji_woman_dancing_dark_skin_tone
0,emoji_thought_balloon,3,emoji_thought_balloon
0,emoji_rabbit_face,1,emoji_rabbit_face
0,emoji_sleepy_face,5,emoji_sleepy_face
0,emoji_optical_disk,2,emoji_optical_disk
0,emoji_man_dancing_light_skin_tone,5,emoji_man_dancing_light_skin_tone
0,emoji_black_cat,3,emoji_black_cat
0,emoji_mermaid_light_skin_tone,2,emoji_mermaid_light_skin_tone
0,emoji_woman_gesturing_ok_light_skin_tone,4,emoji_woman_gesturing_ok_light_skin_tone
0,emoji_pool_,5,emoji_pool_
0,emoji_partying_face,8,emoji_partying_face
0,emoji_potato,1,emoji_potato
0,emoji_spiral_shell,2,emoji_spiral_shell
0,emoji_red_heart,797,emoji_red_heart
0,emoji_face_in_clouds,4,emoji_face_in_clouds
0,emoji_woman_cartwheeling_light_skin_tone,3,emoji_woman_cartwheeling_light_skin_tone
0,emoji_woman_shrugging_light_skin_tone,2,emoji_woman_shrugging_light_skin_tone
0,emoji_woman_kneeling_light_skin_tone,1,emoji_woman_kneeling_light_skin_tone
0,emoji_b_button_,4,emoji_b_button_
0,emoji_prince,1,emoji_prince
0,emoji_baby_bottle,1,emoji_baby_bottle
0,emoji_cookie,1,emoji_cookie
0,emoji_sake,1,emoji_sake
0,emoji_princess,2,emoji_princess
0,emoji_call_me_hand_medium_skin_tone,1,emoji_call_me_hand_medium_skin_tone
0,emoji_bomb,2,emoji_bomb
0,emoji_pirate_flag,2,emoji_pirate_flag
0,emoji_guide_dog,1,emoji_guide_dog
0,emoji_penguin,5,emoji_penguin
0,emoji_nail_polish_light_skin_tone,3,emoji_nail_polish_light_skin_tone
0,emoji_wastebasket,1,emoji_wastebasket
0,emoji_virgo,2,emoji_virgo
0,emoji_sun,2,emoji_sun
0,emoji_lady_beetle,1,emoji_lady_beetle
0,emoji_sloth,2,emoji_sloth
0,emoji_oyster,1,emoji_oyster
0,emoji_man_fairy,1,emoji_man_fairy
0,emoji_sushi,1,emoji_sushi
0,emoji_four_leaf_clover,1,emoji_four_leaf_clover
0,emoji_bow_and_arrow,1,emoji_bow_and_arrow
0,emoji_waving_hand_light_skin_tone,2,emoji_waving_hand_light_skin_tone
0,emoji_growing_heart,16,emoji_growing_heart
0,emoji_police_officer,1,emoji_police_officer
0,emoji_goblin,2,emoji_goblin
0,emoji_face_exhaling,8,emoji_face_exhaling
0,emoji_aland_islands,1,emoji_aland_islands
0,emoji_albania,1,emoji_albania
0,emoji_mouth,6,emoji_mouth
0,emoji_palestinian_territories,5,emoji_palestinian_territories
0,emoji_woman_bald,1,emoji_woman_bald
0,emoji_bookmark,1,emoji_bookmark
0,emoji_woman_shrugging,1,emoji_woman_shrugging
0,emoji_japanese_secret_button,1,emoji_japanese_secret_button
0,emoji_poland,1,emoji_poland
0,emoji_croatia,1,emoji_croatia
0,emoji_goat,1,emoji_goat
0,emoji_netherlands,1,emoji_netherlands
0,emoji_fleur,2,emoji_fleur
0,emoji_woman_playing_handball_light_skin_tone,3,emoji_woman_playing_handball_light_skin_tone
0,emoji_rock,10,emoji_rock
0,emoji_wolf,1,emoji_wolf
0,emoji_red_exclamation_mark,3,emoji_red_exclamation_mark
0,emoji_man_surfing,3,emoji_man_surfing
0,emoji_barber_pole,1,emoji_barber_pole
0,emoji_firecracker,1,emoji_firecracker
0,emoji_woman_zombie,1,emoji_woman_zombie
0,emoji_cigarette,1,emoji_cigarette
0,emoji_carousel_horse,1,emoji_carousel_horse
0,emoji_germany,1,emoji_germany
0,emoji_pill,1,emoji_pill
0,emoji_anguished_face,7,emoji_anguished_face
0,emoji_heart_suit,21,emoji_heart_suit
0,emoji_person_gesturing_no,1,emoji_person_gesturing_no
0,emoji_blueberries,1,emoji_blueberries
0,emoji_rice_cracker,1,emoji_rice_cracker
0,emoji_shortcake,1,emoji_shortcake
0,emoji_mouse_face,2,emoji_mouse_face
0,emoji_woman_in_steamy_room_light_skin_tone,1,emoji_woman_in_steamy_room_light_skin_tone
0,emoji_white_flower,1,emoji_white_flower
0,emoji_ninja_light_skin_tone,2,emoji_ninja_light_skin_tone
0,emoji_hyacinth,1,emoji_hyacinth
0,emoji_deer,2,emoji_deer
0,emoji_mushroom,1,emoji_mushroom
0,emoji_indonesia,21,emoji_indonesia
0,emoji_malaysia,1,emoji_malaysia
0,emoji_woman_superhero_light_skin_tone,1,emoji_woman_superhero_light_skin_tone
0,emoji_no_smoking,1,emoji_no_smoking
0,emoji_full_moon_face,1,emoji_full_moon_face
0,emoji_woman_dancing_medium,2,emoji_woman_dancing_medium
0,emoji_selfie_medium,1,emoji_selfie_medium
0,emoji_man_facepalming,3,emoji_man_facepalming
0,emoji_palm_up_hand,7,emoji_palm_up_hand
0,emoji_place_of_worship,3,emoji_place_of_worship
0,emoji_saudi_arabia,2,emoji_saudi_arabia
0,emoji_joker,1,emoji_joker
0,emoji_man_running_dark_skin_tone,4,emoji_man_running_dark_skin_tone
0,emoji_spain,1,emoji_spain
0,emoji_brazil,1,emoji_brazil
0,emoji_sunglasses,2,emoji_sunglasses
0,emoji_tornado,2,emoji_tornado
0,emoji_man_shrugging,2,emoji_man_shrugging
0,emoji_spade_suit,2,emoji_spade_suit
0,emoji_performing_arts,1,emoji_performing_arts
0,emoji_balloon,1,emoji_balloon
0,emoji_pushpin,1,emoji_pushpin
0,emoji_puzzle_piece,1,emoji_puzzle_piece
0,emoji_person_surfing,3,emoji_person_surfing
0,emoji_robot,1,emoji_robot
0,emoji_information,1,emoji_information
0,emoji_right_anger_bubble,3,emoji_right_anger_bubble
0,emoji_ewe,1,emoji_ewe
0,emoji_cricket,1,emoji_cricket
0,emoji_gem_stone,84,emoji_gem_stone
0,emoji_chicken,1,emoji_chicken
0,emoji_ninja_dark_skin_tone,1,emoji_ninja_dark_skin_tone
0,emoji_backhand_index_pointing_up_dark_skin_tone,2,emoji_backhand_index_pointing_up_dark_skin_tone
0,emoji_person_swimming,1,emoji_person_swimming
0,emoji_airplane_departure,1,emoji_airplane_departure
0,emoji_person_in_manual_wheelchair,6,emoji_person_in_manual_wheelchair
0,emoji_person_bouncing_ball_light_skin_tone,1,emoji_person_bouncing_ball_light_skin_tone
0,emoji_man_running_light_skin_tone,4,emoji_man_running_light_skin_tone
0,emoji_motor_boat,1,emoji_motor_boat
0,emoji_person_in_manual_wheelchair_light_skin_tone,2,emoji_person_in_manual_wheelchair_light_skin_tone
0,emoji_parachute,1,emoji_parachute
0,emoji_person_biking,2,emoji_person_biking
0,emoji_man_in_manual_wheelchair_light_skin_tone,1,emoji_man_in_manual_wheelchair_light_skin_tone
0,emoji_person_with_white_cane,2,emoji_person_with_white_cane
0,emoji_person_mountain_biking,1,emoji_person_mountain_biking
0,emoji_person_rowing_boat,2,emoji_person_rowing_boat
0,emoji_horse_racing,5,emoji_horse_racing
0,emoji_skier,2,emoji_skier
0,emoji_woman_running,1,emoji_woman_running
0,emoji_snowboarder,4,emoji_snowboarder
0,emoji_man_running,1,emoji_man_running
0,emoji_light_bulb,14,emoji_light_bulb
0,emoji_flashlight,11,emoji_flashlight
0,emoji_shaking_face,2,emoji_shaking_face
0,emoji_backhand_index_pointing_right_light_skin_tone,1,emoji_backhand_index_pointing_right_light_skin_tone
0,emoji_backhand_index_pointing_left_light_skin_tone,1,emoji_backhand_index_pointing_left_light_skin_tone
0,emoji_new_moon,1,emoji_new_moon
0,emoji_kissing_face_with_smiling_eyes,8,emoji_kissing_face_with_smiling_eyes
0,emoji_eye,4,emoji_eye
0,emoji_woman_and_man_holding_hands,1,emoji_woman_and_man_holding_hands
0,emoji_woman_getting_massage_light_skin_tone,1,emoji_woman_getting_massage_light_skin_tone
0,emoji_infinity,1,emoji_infinity
0,emoji_sparkling_heart,26,emoji_sparkling_heart
0,emoji_palm_up_hand_medium,1,emoji_palm_up_hand_medium
0,emoji_raised_back_of_hand,3,emoji_raised_back_of_hand
0,emoji_head_shaking_horizontally,2,emoji_head_shaking_horizontally
0,emoji_man_juggling_light_skin_tone,1,emoji_man_juggling_light_skin_tone
0,emoji_seedling,2,emoji_seedling
0,emoji_aquarius,1,emoji_aquarius
0,emoji_check_box_with_check,2,emoji_check_box_with_check
0,emoji_man_raising_hand,2,emoji_man_raising_hand
0,emoji_woman_raising_hand_light_skin_tone,1,emoji_woman_raising_hand_light_skin_tone
0,emoji_steaming_bowl,1,emoji_steaming_bowl
0,emoji_red_circle,3,emoji_red_circle
0,emoji_woman_with_headscarf_light_skin_tone,1,emoji_woman_with_headscarf_light_skin_tone
0,emoji_people_with_bunny_ears,2,emoji_people_with_bunny_ears
0,emoji_person_bowing_light_skin_tone,1,emoji_person_bowing_light_skin_tone
0,emoji_backhand_index_pointing_down_light_skin_tone,1,emoji_backhand_index_pointing_down_light_skin_tone
0,emoji_briefs,1,emoji_briefs
0,emoji_crocodile,58,emoji_crocodile
0,emoji_cockroach,19,emoji_cockroach
0,emoji_baby,5,emoji_baby
0,emoji_pizza,19,emoji_pizza
0,emoji_sun_with_face,1,emoji_sun_with_face
0,emoji_lobster,1,emoji_lobster
0,emoji_broccoli,1,emoji_broccoli
0,emoji_fallen_leaf,1,emoji_fallen_leaf
0,emoji_small_blue_diamond,4,emoji_small_blue_diamond
0,emoji_woman_singer_light_skin_tone,1,emoji_woman_singer_light_skin_tone
0,emoji_gemini,1,emoji_gemini
0,emoji_woman_bowing,1,emoji_woman_bowing
0,emoji_telephone,2,emoji_telephone
0,emoji_closed_book,1,emoji_closed_book
0,emoji_beating_heart,15,emoji_beating_heart
0,emoji_thumbs_down_light_skin_tone,1,emoji_thumbs_down_light_skin_tone
0,emoji_globe_showing_americas,1,emoji_globe_showing_americas
0,emoji_no_entry,1,emoji_no_entry
0,emoji_warning,1,emoji_warning
0,emoji_sparkle,1,emoji_sparkle
0,emoji_lion,1,emoji_lion
0,emoji_beer_mug,1,emoji_beer_mug
0,emoji_man_facepalming_medium,1,emoji_man_facepalming_medium
0,emoji_fast_down_button,1,emoji_fast_down_button
0,emoji_person_bowing,5,emoji_person_bowing
0,emoji_dress,2,emoji_dress
0,emoji_bikini,2,emoji_bikini
0,emoji_man_facepalming_light_skin_tone,4,emoji_man_facepalming_light_skin_tone
0,emoji_unicorn,1,emoji_unicorn
0,emoji_middle_finger,4,emoji_middle_finger
0,emoji_pig_face,4,emoji_pig_face
0,emoji_bank,1,emoji_bank
0,emoji_raised_back_of_hand_medium,1,emoji_raised_back_of_hand_medium
0,emoji_open_hands,1,emoji_open_hands
0,emoji_kiss,1,emoji_kiss
0,emoji_satellite_antenna,1,emoji_satellite_antenna
0,emoji_melon,1,emoji_melon
0,emoji_sweat_droplets,5,emoji_sweat_droplets
0,emoji_clinking_beer_mugs,2,emoji_clinking_beer_mugs
0,emoji_radioactive,1,emoji_radioactive
0,emoji_ant,27,emoji_ant
0,emoji_kitchen_knife,2,emoji_kitchen_knife
0,emoji_crossed_fingers,1,emoji_crossed_fingers
0,emoji_fast_up_button,2,emoji_fast_up_button
0,emoji_amphora,3,emoji_amphora
0,emoji_grinning_cat_with_smiling_eyes,2,emoji_grinning_cat_with_smiling_eyes
0,emoji_snow,2,emoji_snow
0,emoji_christmas_tree,1,emoji_christmas_tree
0,emoji_blue_book,1,emoji_blue_book
0,emoji_beach_with_umbrella,1,emoji_beach_with_umbrella
0,emoji_desert_island,1,emoji_desert_island
0,emoji_national_park,1,emoji_national_park
0,emoji_desert,1,emoji_desert
0,emoji_mountain,1,emoji_mountain
0,emoji_tropical_drink,1,emoji_tropical_drink
0,emoji_bagel,1,emoji_bagel
0,emoji_pancakes,1,emoji_pancakes
0,emoji_oncoming_automobile,1,emoji_oncoming_automobile
0,emoji_man,1,emoji_man
0,emoji_woman,1,emoji_woman
0,emoji_lungs,1,emoji_lungs
0,emoji_person,1,emoji_person
0,emoji_parrot,2,emoji_parrot
0,emoji_heart_with_ribbon,1,emoji_heart_with_ribbon
0,emoji_magnet,1,emoji_magnet
0,emoji_santa_claus,1,emoji_santa_claus
0,emoji_handbag,1,emoji_handbag
0,emoji_watch,1,emoji_watch
0,emoji_high,1,emoji_high
0,emoji_postbox,1,emoji_postbox
0,emoji_laptop,1,emoji_laptop
0,emoji_seat,1,emoji_seat
0,emoji_clapper_board,1,emoji_clapper_board
0,emoji_philippines,1,emoji_philippines
0,emoji_globe_showing_asia,1,emoji_globe_showing_asia
0,emoji_ceuta_,3,emoji_ceuta_
0,emoji_curry_rice,1,emoji_curry_rice
0,emoji_trumpet,1,emoji_trumpet
0,emoji_saxophone,1,emoji_saxophone
0,emoji_video_game,1,emoji_video_game
0,emoji_bullseye,1,emoji_bullseye
0,emoji_chess_pawn,1,emoji_chess_pawn
0,emoji_game_die,1,emoji_game_die
0,emoji_handshake_medium_skin_tone,1,emoji_handshake_medium_skin_tone
0,emoji_thumbs_up_medium_skin_tone,3,emoji_thumbs_up_medium_skin_tone
0,emoji_glasses,1,emoji_glasses
0,emoji_peach,4,emoji_peach
0,emoji_hole,1,emoji_hole
0,emoji_tongue,2,emoji_tongue
0,emoji_monaco,3,emoji_monaco
0,emoji_cucumber,1,emoji_cucumber
1,emoji_black_heart,319,emoji_black_heart
1,emoji_green_heart,194,emoji_green_heart
1,emoji_yellow_heart,32,emoji_yellow_heart
1,emoji_purple_heart,56,emoji_purple_heart
1,emoji_smiling_face_with_hearts,81,emoji_smiling_face_with_hearts
1,emoji_dizzy,23,emoji_dizzy
1,emoji_jack,4,emoji_jack
1,emoji_blossom,3,emoji_blossom
1,emoji_beaming_face_with_smiling_eyes,40,emoji_beaming_face_with_smiling_eyes
1,emoji_face_with_tears_of_joy,75,emoji_face_with_tears_of_joy
1,emoji_moai,18,emoji_moai
1,emoji_grinning_face_with_sweat,19,emoji_grinning_face_with_sweat
1,emoji_love,12,emoji_love
1,emoji_pleading_face,8,emoji_pleading_face
1,emoji_partying_face,16,emoji_partying_face
1,emoji_cat_with_tears_of_joy,1,emoji_cat_with_tears_of_joy
1,emoji_pineapple,2,emoji_pineapple
1,emoji_mahjong_red_dragon,192,emoji_mahjong_red_dragon
1,emoji_sparkles,193,emoji_sparkles
1,emoji_blue_heart,228,emoji_blue_heart
1,emoji_revolving_hearts,33,emoji_revolving_hearts
1,emoji_grapes,2,emoji_grapes
1,emoji_glowing_star,69,emoji_glowing_star
1,emoji_red_apple,4,emoji_red_apple
1,emoji_shooting_star,58,emoji_shooting_star
1,emoji_star,161,emoji_star
1,emoji_white_heart,29,emoji_white_heart
1,emoji_orange_heart,4,emoji_orange_heart
1,emoji_sun,31,emoji_sun
1,emoji_heart_hands,6,emoji_heart_hands
1,emoji_fire,333,emoji_fire
1,emoji_hundred_points,66,emoji_hundred_points
1,emoji_rolling_on_the_floor_laughing,57,emoji_rolling_on_the_floor_laughing
1,emoji_yin_yang,238,emoji_yin_yang
1,emoji_id_button,14,emoji_id_button
1,emoji_melting_face,1,emoji_melting_face
1,emoji_water_wave,16,emoji_water_wave
1,emoji_two_hearts,5,emoji_two_hearts
1,emoji_airplane,29,emoji_airplane
1,emoji_chequered_flag,2,emoji_chequered_flag
1,emoji_tornado,6,emoji_tornado
1,emoji_recycling_symbol,3,emoji_recycling_symbol
1,emoji_double_exclamation_mark,58,emoji_double_exclamation_mark
1,emoji_palm_up_hand,2,emoji_palm_up_hand
1,emoji_magic_wand,1,emoji_magic_wand
1,emoji_smiling_cat_with_heart,1,emoji_smiling_cat_with_heart
1,emoji_first_quarter_moon_face,1,emoji_first_quarter_moon_face
1,emoji_dragon_face,1,emoji_dragon_face
1,emoji_confetti_ball,12,emoji_confetti_ball
1,emoji_collision,40,emoji_collision
1,emoji_gem_stone,35,emoji_gem_stone
1,emoji_sos_button,2,emoji_sos_button
1,emoji_loudly_crying_face,59,emoji_loudly_crying_face
1,emoji_pinching_hand,3,emoji_pinching_hand
1,emoji_folded_hands_light_skin_tone,5,emoji_folded_hands_light_skin_tone
1,emoji_fireworks,9,emoji_fireworks
1,emoji_speaking_head,5,emoji_speaking_head
1,emoji_registered,11,emoji_registered
1,emoji_p_button,16,emoji_p_button
1,emoji_purple_circle,4,emoji_purple_circle
1,emoji_full_moon,2,emoji_full_moon
1,emoji_sparkler,2,emoji_sparkler
1,emoji_party_popper,17,emoji_party_popper
1,emoji_folded_hands,96,emoji_folded_hands
1,emoji_cherry_blossom,52,emoji_cherry_blossom
1,emoji_white_flower,25,emoji_white_flower
1,emoji_japanese_bargain_button,25,emoji_japanese_bargain_button
1,emoji_lion,2,emoji_lion
1,emoji_four_leaf_clover,23,emoji_four_leaf_clover
1,emoji_sweat_droplets,21,emoji_sweat_droplets
1,emoji_high_voltage,133,emoji_high_voltage
1,emoji_rose,20,emoji_rose
1,emoji_smirking_face,2,emoji_smirking_face
1,emoji_smiling_face_with_halo,3,emoji_smiling_face_with_halo
1,emoji_copyright,8,emoji_copyright
1,emoji_trade_mark,5,emoji_trade_mark
1,emoji_money,21,emoji_money
1,emoji_smiling_face_with_heart,32,emoji_smiling_face_with_heart
1,emoji_sunrise,8,emoji_sunrise
1,emoji_dragon,4,emoji_dragon
1,emoji_green_circle,8,emoji_green_circle
1,emoji_rocket,37,emoji_rocket
1,emoji_butterfly,8,emoji_butterfly
1,emoji_front,2,emoji_front
1,emoji_hatching_chick,5,emoji_hatching_chick
1,emoji_maple_leaf,6,emoji_maple_leaf
1,emoji_khanda,1,emoji_khanda
1,emoji_cowboy_hat_face,1,emoji_cowboy_hat_face
1,emoji_smiling_face_with_sunglasses,11,emoji_smiling_face_with_sunglasses
1,emoji_crown,11,emoji_crown
1,emoji_trophy,3,emoji_trophy
1,emoji_smiling_face_with_open_hands,1,emoji_smiling_face_with_open_hands
1,emoji_orthodox_cross,32,emoji_orthodox_cross
1,emoji_heart_decoration,5,emoji_heart_decoration
1,emoji_slightly_smiling_face,6,emoji_slightly_smiling_face
1,emoji_relieved_face,4,emoji_relieved_face
1,emoji_broken_heart,3,emoji_broken_heart
1,emoji_grinning_squinting_face,20,emoji_grinning_squinting_face
1,emoji_zany_face,4,emoji_zany_face
1,emoji_money_with_wings,3,emoji_money_with_wings
1,emoji_stop_sign,1,emoji_stop_sign
1,emoji_grinning_face_with_smiling_eyes,11,emoji_grinning_face_with_smiling_eyes
1,emoji_face_with_open_mouth,1,emoji_face_with_open_mouth
1,emoji_dashing_away,1,emoji_dashing_away
1,emoji_shamrock,18,emoji_shamrock
1,emoji_japanese_prohibited_button,2,emoji_japanese_prohibited_button
1,emoji_thumbs_up,28,emoji_thumbs_up
1,emoji_ophiuchus,77,emoji_ophiuchus
1,emoji_face_savoring_food,8,emoji_face_savoring_food
1,emoji_sign_of_the_horns,2,emoji_sign_of_the_horns
1,emoji_warning,3,emoji_warning
1,emoji_face_blowing_a_kiss,4,emoji_face_blowing_a_kiss
1,emoji_russia,16,emoji_russia
1,emoji_raising_hands,7,emoji_raising_hands
1,emoji_heart_on_fire,12,emoji_heart_on_fire
1,emoji_alien_monster,4,emoji_alien_monster
1,emoji_red_heart,144,emoji_red_heart
1,emoji_japanese_passing_grade_button,4,emoji_japanese_passing_grade_button
1,emoji_sparkling_heart,52,emoji_sparkling_heart
1,emoji_rainbow,39,emoji_rainbow
1,emoji_face_with_hand_over_mouth,7,emoji_face_with_hand_over_mouth
1,emoji_thumbs_up_light_skin_tone,3,emoji_thumbs_up_light_skin_tone
1,emoji_flushed_face,3,emoji_flushed_face
1,emoji_diamond_with_a_dot,8,emoji_diamond_with_a_dot
1,emoji_red_envelope,4,emoji_red_envelope
1,emoji_comet,19,emoji_comet
1,emoji_smiling_face,2,emoji_smiling_face
1,emoji_hourglass_not_done,2,emoji_hourglass_not_done
1,emoji_persevering_face,4,emoji_persevering_face
1,emoji_smiling_face_with_smiling_eyes,8,emoji_smiling_face_with_smiling_eyes
1,emoji_disappointed_face,1,emoji_disappointed_face
1,emoji_backhand_index_pointing_down,5,emoji_backhand_index_pointing_down
1,emoji_call_me_hand,8,emoji_call_me_hand
1,emoji_see,14,emoji_see
1,emoji_ok_hand,4,emoji_ok_hand
1,emoji_squinting_face_with_tongue,3,emoji_squinting_face_with_tongue
1,emoji_saluting_face,2,emoji_saluting_face
1,emoji_face_holding_back_tears,1,emoji_face_holding_back_tears
1,emoji_winking_face,2,emoji_winking_face
1,emoji_yawning_face,1,emoji_yawning_face
1,emoji_triangular_flag,46,emoji_triangular_flag
1,emoji_clapping_hands,2,emoji_clapping_hands
1,emoji_house,1,emoji_house
1,emoji_lollipop,2,emoji_lollipop
1,emoji_ribbon,3,emoji_ribbon
1,emoji_panda,19,emoji_panda
1,emoji_a_button_,14,emoji_a_button_
1,emoji_money_bag,43,emoji_money_bag
1,emoji_magnifying_glass_tilted_left,1,emoji_magnifying_glass_tilted_left
1,emoji_sun_with_face,15,emoji_sun_with_face
1,emoji_check_mark_button,2,emoji_check_mark_button
1,emoji_hibiscus,8,emoji_hibiscus
1,emoji_right_arrow,46,emoji_right_arrow
1,emoji_red_circle,20,emoji_red_circle
1,emoji_left_arrow,45,emoji_left_arrow
1,emoji_bell,4,emoji_bell
1,emoji_flexed_biceps,5,emoji_flexed_biceps
1,emoji_video_camera,1,emoji_video_camera
1,emoji_megaphone,4,emoji_megaphone
1,emoji_clapper_board,1,emoji_clapper_board
1,emoji_pink_heart,10,emoji_pink_heart
1,emoji_heart_with_ribbon,1,emoji_heart_with_ribbon
1,emoji_pushpin,1,emoji_pushpin
1,emoji_backhand_index_pointing_right,4,emoji_backhand_index_pointing_right
1,emoji_backhand_index_pointing_left,2,emoji_backhand_index_pointing_left
1,emoji_weary_cat,3,emoji_weary_cat
1,emoji_victory_hand,353,emoji_victory_hand
1,emoji_crescent_moon,1,emoji_crescent_moon
1,emoji_indonesia,2,emoji_indonesia
1,emoji_thumbs_up_medium,2,emoji_thumbs_up_medium
1,emoji_slot_machine,23,emoji_slot_machine
1,emoji_bullseye,20,emoji_bullseye
1,emoji_bar_chart,10,emoji_bar_chart
1,emoji_boy,4,emoji_boy
1,emoji_mobile_phone_with_arrow,1,emoji_mobile_phone_with_arrow
1,emoji_dollar_banknote,1,emoji_dollar_banknote
1,emoji_ferris_wheel,1,emoji_ferris_wheel
1,emoji_kissing_face_with_smiling_eyes,1,emoji_kissing_face_with_smiling_eyes
1,emoji_oncoming_fist,1,emoji_oncoming_fist
1,emoji_skis,2,emoji_skis
1,emoji_croissant,1,emoji_croissant
1,emoji_peacock,1,emoji_peacock
1,emoji_angry_face,1,emoji_angry_face
1,emoji_cheese_wedge,1,emoji_cheese_wedge
1,emoji_snake,1,emoji_snake
1,emoji_red_triangle_pointed_up,1,emoji_red_triangle_pointed_up
1,emoji_house_with_garden,1,emoji_house_with_garden
1,emoji_input_numbers,1,emoji_input_numbers
1,emoji_lizard,3,emoji_lizard
1,emoji_poodle,2,emoji_poodle
1,emoji_person_fencing,1,emoji_person_fencing
1,emoji_bug,3,emoji_bug
1,emoji_unicorn,1,emoji_unicorn
1,emoji_dolphin,1,emoji_dolphin
1,emoji_light_rail,1,emoji_light_rail
1,emoji_musical_keyboard,2,emoji_musical_keyboard
1,emoji_stuffed_flatbread,1,emoji_stuffed_flatbread
1,emoji_military_medal,2,emoji_military_medal
1,emoji_owl,1,emoji_owl
1,emoji_worried_face,2,emoji_worried_face
1,emoji_cricket,1,emoji_cricket
1,emoji_popcorn,2,emoji_popcorn
1,emoji_metro,2,emoji_metro
1,emoji_enraged_face,1,emoji_enraged_face
1,emoji_hippopotamus,3,emoji_hippopotamus
1,emoji_tired_face,2,emoji_tired_face
1,emoji_ice_cream,2,emoji_ice_cream
1,emoji_spoon,1,emoji_spoon
1,emoji_ewe,1,emoji_ewe
1,emoji_small_airplane,1,emoji_small_airplane
1,emoji_fortune_cookie,1,emoji_fortune_cookie
1,emoji_speak,2,emoji_speak
1,emoji_bicycle,1,emoji_bicycle
1,emoji_martial_arts_uniform,1,emoji_martial_arts_uniform
1,emoji_libra,50,emoji_libra
1,emoji_latin_cross,21,emoji_latin_cross
1,emoji_french_fries,1,emoji_french_fries
1,emoji_boar,1,emoji_boar
1,emoji_snail,1,emoji_snail
1,emoji_cup_with_straw,1,emoji_cup_with_straw
1,emoji_salt,1,emoji_salt
1,emoji_skunk,1,emoji_skunk
1,emoji_lobster,1,emoji_lobster
1,emoji_dumpling,1,emoji_dumpling
1,emoji_high,1,emoji_high
1,emoji_hotel,1,emoji_hotel
1,emoji_mosquito,1,emoji_mosquito
1,emoji_input_latin_letters,1,emoji_input_latin_letters
1,emoji_satellite,2,emoji_satellite
1,emoji_drum,1,emoji_drum
1,emoji_racing_car,2,emoji_racing_car
1,emoji_puzzle_piece,2,emoji_puzzle_piece
1,emoji_rooster,2,emoji_rooster
1,emoji_canoe,1,emoji_canoe
1,emoji_accordion,2,emoji_accordion
1,emoji_mouse_face,2,emoji_mouse_face
1,emoji_mountain,16,emoji_mountain
1,emoji_input_latin_lowercase,2,emoji_input_latin_lowercase
1,emoji_backhand_index_pointing_up,1,emoji_backhand_index_pointing_up
1,emoji_face_with_steam_from_nose,2,emoji_face_with_steam_from_nose
1,emoji_musical_score,1,emoji_musical_score
1,emoji_menorah,1,emoji_menorah
1,emoji_trident_emblem,1,emoji_trident_emblem
1,emoji_motor_boat,2,emoji_motor_boat
1,emoji_train,1,emoji_train
1,emoji_guitar,2,emoji_guitar
1,emoji_crying_face,3,emoji_crying_face
1,emoji_heart_suit,236,emoji_heart_suit
1,emoji_exclamation_question_mark,40,emoji_exclamation_question_mark
1,emoji_timer_clock,12,emoji_timer_clock
1,emoji_keycap_,137,emoji_keycap_
1,emoji_right_arrow_curving_left,21,emoji_right_arrow_curving_left
1,emoji_next_track_button,14,emoji_next_track_button
1,emoji_index_pointing_up,26,emoji_index_pointing_up
1,emoji_japanese_congratulations_button,39,emoji_japanese_congratulations_button
1,emoji_pencil,16,emoji_pencil
1,emoji_baseball,24,emoji_baseball
1,emoji_check_box_with_check,33,emoji_check_box_with_check
1,emoji_gear,23,emoji_gear
1,emoji_cross_mark,46,emoji_cross_mark
1,emoji_play_button,14,emoji_play_button
1,emoji_pause_button,14,emoji_pause_button
1,emoji_rescue_worker,27,emoji_rescue_worker
1,emoji_cross_mark_button,27,emoji_cross_mark_button
1,emoji_cancer,30,emoji_cancer
1,emoji_watch,17,emoji_watch
1,emoji_leo,31,emoji_leo
1,emoji_balance_scale,18,emoji_balance_scale
1,emoji_transgender_symbol,41,emoji_transgender_symbol
1,emoji_play_or_pause_button,14,emoji_play_or_pause_button
1,emoji_capricorn,38,emoji_capricorn
1,emoji_umbrella_with_rain_drops,15,emoji_umbrella_with_rain_drops
1,emoji_record_button,24,emoji_record_button
1,emoji_eight,30,emoji_eight
1,emoji_crossed_swords,13,emoji_crossed_swords
1,emoji_ice_skate,10,emoji_ice_skate
1,emoji_hot_springs,21,emoji_hot_springs
1,emoji_fountain,11,emoji_fountain
1,emoji_fleur,31,emoji_fleur
1,emoji_male_sign,22,emoji_male_sign
1,emoji_virgo,14,emoji_virgo
1,emoji_left,23,emoji_left
1,emoji_flag_in_hole,19,emoji_flag_in_hole
1,emoji_up_arrow,11,emoji_up_arrow
1,emoji_black_medium_square,8,emoji_black_medium_square
1,emoji_soccer_ball,27,emoji_soccer_ball
1,emoji_atom_symbol,27,emoji_atom_symbol
1,emoji_white_exclamation_mark,28,emoji_white_exclamation_mark
1,emoji_raised_fist,24,emoji_raised_fist
1,emoji_pisces,25,emoji_pisces
1,emoji_person_bouncing_ball,17,emoji_person_bouncing_ball
1,emoji_fast_down_button,21,emoji_fast_down_button
1,emoji_writing_hand,13,emoji_writing_hand
1,emoji_aries,28,emoji_aries
1,emoji_cloud_with_lightning_and_rain,16,emoji_cloud_with_lightning_and_rain
1,emoji_wheel_of_dharma,17,emoji_wheel_of_dharma
1,emoji_female_sign,16,emoji_female_sign
1,emoji_infinity,12,emoji_infinity
1,emoji_sun_behind_cloud,20,emoji_sun_behind_cloud
1,emoji_up,22,emoji_up
1,emoji_church,10,emoji_church
1,emoji_spade_suit,14,emoji_spade_suit
1,emoji_hot_beverage,12,emoji_hot_beverage
1,emoji_check_mark,11,emoji_check_mark
1,emoji_upside,2,emoji_upside
1,emoji_skull_and_crossbones,17,emoji_skull_and_crossbones
1,emoji_divide,17,emoji_divide
1,emoji_envelope,12,emoji_envelope
1,emoji_snowflake,16,emoji_snowflake
1,emoji_umbrella,27,emoji_umbrella
1,emoji_fuel_pump,13,emoji_fuel_pump
1,emoji_black_small_square,5,emoji_black_small_square
1,emoji_eject_button,16,emoji_eject_button
1,emoji_chess_pawn,16,emoji_chess_pawn
1,emoji_medical_symbol,12,emoji_medical_symbol
1,emoji_chains,10,emoji_chains
1,emoji_down_arrow,8,emoji_down_arrow
1,emoji_man_bouncing_ball,11,emoji_man_bouncing_ball
1,emoji_information,10,emoji_information
1,emoji_white_circle,25,emoji_white_circle
1,emoji_raised_hand,13,emoji_raised_hand
1,emoji_no_entry,16,emoji_no_entry
1,emoji_telephone,15,emoji_telephone
1,emoji_kissing_face,3,emoji_kissing_face
1,emoji_avocado,1,emoji_avocado
1,emoji_fish,1,emoji_fish
1,emoji_zebra,1,emoji_zebra
1,emoji_fork_and_knife_with_plate,2,emoji_fork_and_knife_with_plate
1,emoji_lemon,1,emoji_lemon
1,emoji_nerd_face,1,emoji_nerd_face
1,emoji_leopard,1,emoji_leopard
1,emoji_eagle,2,emoji_eagle
1,emoji_pie,1,emoji_pie
1,emoji_spouting_whale,1,emoji_spouting_whale
1,emoji_chipmunk,1,emoji_chipmunk
1,emoji_clinking_beer_mugs,3,emoji_clinking_beer_mugs
1,emoji_angry_face_with_horns,3,emoji_angry_face_with_horns
1,emoji_tamale,1,emoji_tamale
1,emoji_sled,1,emoji_sled
1,emoji_orange_circle,1,emoji_orange_circle
1,emoji_black_large_square,1,emoji_black_large_square
1,emoji_sandwich,1,emoji_sandwich
1,emoji_ng_button,1,emoji_ng_button
1,emoji_circus_tent,2,emoji_circus_tent
1,emoji_frog,1,emoji_frog
1,emoji_cookie,1,emoji_cookie
1,emoji_bowling,1,emoji_bowling
1,emoji_person_swimming,1,emoji_person_swimming
1,emoji_candy,4,emoji_candy
1,emoji_airplane_departure,1,emoji_airplane_departure
1,emoji_saxophone,1,emoji_saxophone
1,emoji_cucumber,1,emoji_cucumber
1,emoji_vs_button,1,emoji_vs_button
1,emoji_ice,1,emoji_ice
1,emoji_aerial_tramway,1,emoji_aerial_tramway
1,emoji_video_game,1,emoji_video_game
1,emoji_shortcake,1,emoji_shortcake
1,emoji_chicken,1,emoji_chicken
1,emoji_chestnut,1,emoji_chestnut
1,emoji_confounded_face,1,emoji_confounded_face
1,emoji_kangaroo,2,emoji_kangaroo
1,emoji_suspension_railway,1,emoji_suspension_railway
1,emoji_horizontal_traffic_light,1,emoji_horizontal_traffic_light
1,emoji_cooking,1,emoji_cooking
1,emoji_snow,1,emoji_snow
1,emoji_coconut,2,emoji_coconut
1,emoji_right,1,emoji_right
1,emoji_shuffle_tracks_button,1,emoji_shuffle_tracks_button
1,emoji_person_mountain_biking,2,emoji_person_mountain_biking
1,emoji_ox,1,emoji_ox
1,emoji_rhinoceros,1,emoji_rhinoceros
1,emoji_stop_button,1,emoji_stop_button
1,emoji_carousel_horse,1,emoji_carousel_horse
1,emoji_pig,1,emoji_pig
1,emoji_seat,1,emoji_seat
1,emoji_soft_ice_cream,2,emoji_soft_ice_cream
1,emoji_admission_tickets,1,emoji_admission_tickets
1,emoji_peace_symbol,1,emoji_peace_symbol
1,emoji_baby_chick,2,emoji_baby_chick
1,emoji_fondue,1,emoji_fondue
1,emoji_orangutan,1,emoji_orangutan
1,emoji_tropical_fish,1,emoji_tropical_fish
1,emoji_mango,1,emoji_mango
1,emoji_roller_coaster,1,emoji_roller_coaster
1,emoji_squid,1,emoji_squid
1,emoji_green_square,1,emoji_green_square
1,emoji_garlic,1,emoji_garlic
1,emoji_hamburger,1,emoji_hamburger
1,emoji_speedboat,1,emoji_speedboat
1,emoji_llama,1,emoji_llama
1,emoji_desert_island,1,emoji_desert_island
1,emoji_place_of_worship,1,emoji_place_of_worship
1,emoji_turkey,1,emoji_turkey
1,emoji_kiwi_fruit,1,emoji_kiwi_fruit
1,emoji_taxi,1,emoji_taxi
1,emoji_face_with_tongue,1,emoji_face_with_tongue
1,emoji_beverage_box,1,emoji_beverage_box
1,emoji_hear,1,emoji_hear
1,emoji_strawberry,1,emoji_strawberry
1,emoji_mobile_phone_off,1,emoji_mobile_phone_off
1,emoji_tropical_drink,2,emoji_tropical_drink
1,emoji_flying_disc,1,emoji_flying_disc
1,emoji_cat,1,emoji_cat
1,emoji_kissing_face_with_closed_eyes,2,emoji_kissing_face_with_closed_eyes
1,emoji_person_in_lotus_position,1,emoji_person_in_lotus_position
1,emoji_eggplant,1,emoji_eggplant
1,emoji_crocodile,20,emoji_crocodile
1,emoji_wine_glass,1,emoji_wine_glass
1,emoji_cupcake,1,emoji_cupcake
1,emoji_american_football,1,emoji_american_football
1,emoji_hand_with_fingers_splayed,1,emoji_hand_with_fingers_splayed
1,emoji_running_shirt,1,emoji_running_shirt
1,emoji_ice_hockey,1,emoji_ice_hockey
1,emoji_shrimp,1,emoji_shrimp
1,emoji_oden,1,emoji_oden
1,emoji_star_of_david,2,emoji_star_of_david
1,emoji_taurus,1,emoji_taurus
1,emoji_parachute,1,emoji_parachute
1,emoji_department_store,1,emoji_department_store
1,emoji_long_drum,1,emoji_long_drum
1,emoji_pot_of_food,1,emoji_pot_of_food
1,emoji_beans,2,emoji_beans
1,emoji_melon,1,emoji_melon
1,emoji_dog_face,1,emoji_dog_face
1,emoji_cow,1,emoji_cow
1,emoji_construction,1,emoji_construction
1,emoji_person_surfing,1,emoji_person_surfing
1,emoji_honey_pot,1,emoji_honey_pot
1,emoji_blueberries,1,emoji_blueberries
1,emoji_carrot,1,emoji_carrot
1,emoji_blue_circle,1,emoji_blue_circle
1,emoji_anchor,1,emoji_anchor
1,emoji_manual_wheelchair,1,emoji_manual_wheelchair
1,emoji_desert,1,emoji_desert
1,emoji_game_die,2,emoji_game_die
1,emoji_post_office,1,emoji_post_office
1,emoji_fried_shrimp,1,emoji_fried_shrimp
1,emoji_automobile,1,emoji_automobile
1,emoji_vibration_mode,1,emoji_vibration_mode
1,emoji_japanese_free_of_charge_button,1,emoji_japanese_free_of_charge_button
1,emoji_delivery_truck,1,emoji_delivery_truck
1,emoji_bank,1,emoji_bank
1,emoji_star_and_crescent,1,emoji_star_and_crescent
1,emoji_japanese_symbol_for_beginner,1,emoji_japanese_symbol_for_beginner
1,emoji_handshake,1,emoji_handshake
1,emoji_white_cane,1,emoji_white_cane
1,emoji_oncoming_automobile,1,emoji_oncoming_automobile
1,emoji_shaved_ice,1,emoji_shaved_ice
1,emoji_pickup_truck,1,emoji_pickup_truck
1,emoji_fish_cake_with_swirl,1,emoji_fish_cake_with_swirl
1,emoji_ballet_shoes,1,emoji_ballet_shoes
1,emoji_chart_increasing,1,emoji_chart_increasing
1,emoji_club_suit,204,emoji_club_suit
1,emoji_chocolate_bar,20,emoji_chocolate_bar
1,emoji_victory_hand_light_skin_tone,1,emoji_victory_hand_light_skin_tone
1,emoji_face_screaming_in_fear,1,emoji_face_screaming_in_fear
1,emoji_eyes,2,emoji_eyes
1,emoji_thinking_face,1,emoji_thinking_face
2,emoji_moai,3,emoji_moai
2,emoji_loudly_crying_face,7,emoji_loudly_crying_face
2,emoji_thumbs_up_light_skin_tone,3,emoji_thumbs_up_light_skin_tone
2,emoji_enraged_face,1,emoji_enraged_face
2,emoji_relieved_face,2,emoji_relieved_face
2,emoji_fearful_face,1,emoji_fearful_face
2,emoji_beaming_face_with_smiling_eyes,10,emoji_beaming_face_with_smiling_eyes
2,emoji_face_with_tears_of_joy,34,emoji_face_with_tears_of_joy
2,emoji_fire,30,emoji_fire
2,emoji_smiling_face,1,emoji_smiling_face
2,emoji_wilted_flower,1,emoji_wilted_flower
2,emoji_face_with_hand_over_mouth,3,emoji_face_with_hand_over_mouth
2,emoji_sparkles,1,emoji_sparkles
2,emoji_grinning_face,4,emoji_grinning_face
2,emoji_rolling_on_the_floor_laughing,40,emoji_rolling_on_the_floor_laughing
2,emoji_thumbs_up,1,emoji_thumbs_up
2,emoji_grinning_face_with_big_eyes,6,emoji_grinning_face_with_big_eyes
2,emoji_pensive_face,1,emoji_pensive_face
2,emoji_see,1,emoji_see
2,emoji_zany_face,4,emoji_zany_face
2,emoji_skull,4,emoji_skull
2,emoji_love,2,emoji_love
2,emoji_smiling_face_with_smiling_eyes,3,emoji_smiling_face_with_smiling_eyes
2,emoji_face_with_rolling_eyes,1,emoji_face_with_rolling_eyes
2,emoji_grinning_face_with_sweat,8,emoji_grinning_face_with_sweat
2,emoji_smiling_face_with_hearts,4,emoji_smiling_face_with_hearts
2,emoji_folded_hands,6,emoji_folded_hands
2,emoji_face_without_mouth,1,emoji_face_without_mouth
2,emoji_grinning_squinting_face,1,emoji_grinning_squinting_face
2,emoji_smirking_face,1,emoji_smirking_face
2,emoji_yawning_face,3,emoji_yawning_face
2,emoji_winking_face_with_tongue,3,emoji_winking_face_with_tongue
2,emoji_double_exclamation_mark,4,emoji_double_exclamation_mark
2,emoji_hundred_points,6,emoji_hundred_points
2,emoji_backhand_index_pointing_down,3,emoji_backhand_index_pointing_down
2,emoji_backhand_index_pointing_down_light_skin_tone,1,emoji_backhand_index_pointing_down_light_skin_tone
2,emoji_star,1,emoji_star
2,emoji_smiling_face_with_halo,1,emoji_smiling_face_with_halo
2,emoji_crying_face,2,emoji_crying_face
2,emoji_blue_heart,1,emoji_blue_heart
2,emoji_victory_hand,4,emoji_victory_hand
2,emoji_pleading_face,1,emoji_pleading_face
2,emoji_monaco,3,emoji_monaco
3,emoji_rolling_on_the_floor_laughing,410,emoji_rolling_on_the_floor_laughing
3,emoji_cat_with_tears_of_joy,250,emoji_cat_with_tears_of_joy
3,emoji_face_with_tears_of_joy,876,emoji_face_with_tears_of_joy
3,emoji_loudly_crying_face,425,emoji_loudly_crying_face
3,emoji_enraged_face,38,emoji_enraged_face
3,emoji_sloth,1,emoji_sloth
3,emoji_grinning_face_with_sweat,157,emoji_grinning_face_with_sweat
3,emoji_moai,244,emoji_moai
3,emoji_nail_polish,1,emoji_nail_polish
3,emoji_folded_hands,51,emoji_folded_hands
3,emoji_squinting_face_with_tongue,5,emoji_squinting_face_with_tongue
3,emoji_pensive_face,24,emoji_pensive_face
3,emoji_tired_face,5,emoji_tired_face
3,emoji_smiling_face_with_hearts,20,emoji_smiling_face_with_hearts
3,emoji_index_pointing_at_the_viewer,6,emoji_index_pointing_at_the_viewer
3,emoji_smirking_face,35,emoji_smirking_face
3,emoji_face_with_hand_over_mouth,65,emoji_face_with_hand_over_mouth
3,emoji_zany_face,22,emoji_zany_face
3,emoji_hot_face,1,emoji_hot_face
3,emoji_victory_hand,2,emoji_victory_hand
3,emoji_flushed_face,24,emoji_flushed_face
3,emoji_beaming_face_with_smiling_eyes,58,emoji_beaming_face_with_smiling_eyes
3,emoji_cancer,1,emoji_cancer
3,emoji_pinching_hand,1,emoji_pinching_hand
3,emoji_relieved_face,7,emoji_relieved_face
3,emoji_smiling_face_with_open_hands,9,emoji_smiling_face_with_open_hands
3,emoji_crying_face,38,emoji_crying_face
3,emoji_a_button_,1,emoji_a_button_
3,emoji_smiling_cat_with_heart,2,emoji_smiling_cat_with_heart
3,emoji_nauseated_face,4,emoji_nauseated_face
3,emoji_clown_face,17,emoji_clown_face
3,emoji_monkey,3,emoji_monkey
3,emoji_folded_hands_light_skin_tone,10,emoji_folded_hands_light_skin_tone
3,emoji_fire,28,emoji_fire
3,emoji_wilted_flower,2,emoji_wilted_flower
3,emoji_winking_face_with_tongue,19,emoji_winking_face_with_tongue
3,emoji_face_with_monocle,5,emoji_face_with_monocle
3,emoji_deaf_person_light_skin_tone,1,emoji_deaf_person_light_skin_tone
3,emoji_female_sign,1,emoji_female_sign
3,emoji_chart_decreasing,1,emoji_chart_decreasing
3,emoji_broken_heart,2,emoji_broken_heart
3,emoji_drooling_face,5,emoji_drooling_face
3,emoji_kitchen_knife,1,emoji_kitchen_knife
3,emoji_grinning_squinting_face,27,emoji_grinning_squinting_face
3,emoji_star,1,emoji_star
3,emoji_thumbs_up,13,emoji_thumbs_up
3,emoji_ok_hand,5,emoji_ok_hand
3,emoji_hand_with_fingers_splayed,1,emoji_hand_with_fingers_splayed
3,emoji_unamused_face,6,emoji_unamused_face
3,emoji_smiling_face,13,emoji_smiling_face
3,emoji_neutral_face,1,emoji_neutral_face
3,emoji_slightly_smiling_face,4,emoji_slightly_smiling_face
3,emoji_face_screaming_in_fear,6,emoji_face_screaming_in_fear
3,emoji_face_with_rolling_eyes,14,emoji_face_with_rolling_eyes
3,emoji_pleading_face,13,emoji_pleading_face
3,emoji_billed_cap,4,emoji_billed_cap
3,emoji_frowning_face,6,emoji_frowning_face
3,emoji_skull_and_crossbones,1,emoji_skull_and_crossbones
3,emoji_upside,3,emoji_upside
3,emoji_person_wearing_turban,1,emoji_person_wearing_turban
3,emoji_smiling_face_with_tear,4,emoji_smiling_face_with_tear
3,emoji_woman,1,emoji_woman
3,emoji_crying_cat,1,emoji_crying_cat
3,emoji_sad_but_relieved_face,1,emoji_sad_but_relieved_face
3,emoji_grinning_face,7,emoji_grinning_face
3,emoji_face_holding_back_tears,7,emoji_face_holding_back_tears
3,emoji_zombie,1,emoji_zombie
3,emoji_sneezing_face,2,emoji_sneezing_face
3,emoji_angry_face,8,emoji_angry_face
3,emoji_pile_of_poo,3,emoji_pile_of_poo
3,emoji_pig_face,4,emoji_pig_face
3,emoji_thinking_face,14,emoji_thinking_face
3,emoji_nerd_face,1,emoji_nerd_face
3,emoji_skull,2,emoji_skull
3,emoji_dog,4,emoji_dog
3,emoji_dog_face,2,emoji_dog_face
3,emoji_face_savoring_food,1,emoji_face_savoring_food
3,emoji_weary_face,6,emoji_weary_face
3,emoji_palm_up_hand,2,emoji_palm_up_hand
3,emoji_brain,1,emoji_brain
3,emoji_red_exclamation_mark,1,emoji_red_exclamation_mark
3,emoji_writing_hand,1,emoji_writing_hand
3,emoji_thumbs_down,20,emoji_thumbs_down
3,emoji_face_with_open_eyes_and_hand_over_mouth,4,emoji_face_with_open_eyes_and_hand_over_mouth
3,emoji_smiling_face_with_heart,3,emoji_smiling_face_with_heart
3,emoji_white_heart,2,emoji_white_heart
3,emoji_face_with_symbols_on_mouth,19,emoji_face_with_symbols_on_mouth
3,emoji_disappointed_face,2,emoji_disappointed_face
3,emoji_oncoming_fist_light_skin_tone,3,emoji_oncoming_fist_light_skin_tone
3,emoji_left,2,emoji_left
3,emoji_smiling_face_with_horns,6,emoji_smiling_face_with_horns
3,emoji_old_key,1,emoji_old_key
3,emoji_identification_card,1,emoji_identification_card
3,emoji_middle_finger,6,emoji_middle_finger
3,emoji_woozy_face,6,emoji_woozy_face
3,emoji_weary_cat,1,emoji_weary_cat
3,emoji_face_vomiting,47,emoji_face_vomiting
3,emoji_see,2,emoji_see
3,emoji_expressionless_face,1,emoji_expressionless_face
3,emoji_person_facepalming_light_skin_tone,4,emoji_person_facepalming_light_skin_tone
3,emoji_grinning_face_with_smiling_eyes,4,emoji_grinning_face_with_smiling_eyes
3,emoji_grinning_face_with_big_eyes,3,emoji_grinning_face_with_big_eyes
3,emoji_backhand_index_pointing_left,1,emoji_backhand_index_pointing_left
3,emoji_sleeping_face,3,emoji_sleeping_face
3,emoji_police_car_light,1,emoji_police_car_light
3,emoji_cross_mark,3,emoji_cross_mark
3,emoji_check_mark,1,emoji_check_mark
3,emoji_pig,1,emoji_pig
3,emoji_angry_face_with_horns,3,emoji_angry_face_with_horns
3,emoji_bouquet,1,emoji_bouquet
3,emoji_smiling_face_with_smiling_eyes,16,emoji_smiling_face_with_smiling_eyes
3,emoji_yawning_face,2,emoji_yawning_face
3,emoji_raccoon,1,emoji_raccoon
3,emoji_cooked_rice,1,emoji_cooked_rice
3,emoji_fork_and_knife_with_plate,1,emoji_fork_and_knife_with_plate
3,emoji_hamster,1,emoji_hamster
3,emoji_woman_dancing,1,emoji_woman_dancing
3,emoji_crab,2,emoji_crab
3,emoji_smiling_face_with_halo,6,emoji_smiling_face_with_halo
3,emoji_cross_mark_button,2,emoji_cross_mark_button
3,emoji_check_mark_button,4,emoji_check_mark_button
3,emoji_triangular_flag,5,emoji_triangular_flag
3,emoji_index_pointing_up,4,emoji_index_pointing_up
3,emoji_call_me_hand,2,emoji_call_me_hand
3,emoji_head_shaking_horizontally,1,emoji_head_shaking_horizontally
3,emoji_slightly_frowning_face,1,emoji_slightly_frowning_face
3,emoji_palm_up_hand_dark_skin_tone,1,emoji_palm_up_hand_dark_skin_tone
3,emoji_folded_hands_medium,3,emoji_folded_hands_medium
3,emoji_black_heart,1,emoji_black_heart
3,emoji_anxious_face_with_sweat,2,emoji_anxious_face_with_sweat
3,emoji_shushing_face,1,emoji_shushing_face
3,emoji_ringed_planet,1,emoji_ringed_planet
3,emoji_hand_with_index_finger_and_thumb_crossed_light_skin_tone,1,emoji_hand_with_index_finger_and_thumb_crossed_light_skin_tone
3,emoji_face_with_raised_eyebrow,1,emoji_face_with_raised_eyebrow
3,emoji_up,1,emoji_up
3,emoji_high_voltage,1,emoji_high_voltage
3,emoji_chart_increasing,1,emoji_chart_increasing
3,emoji_pinching_hand_light_skin_tone,1,emoji_pinching_hand_light_skin_tone
3,emoji_thumbs_down_light_skin_tone,1,emoji_thumbs_down_light_skin_tone
3,emoji_hole,1,emoji_hole
3,emoji_face_with_open_mouth,11,emoji_face_with_open_mouth
3,emoji_man_facepalming_light_skin_tone,5,emoji_man_facepalming_light_skin_tone
3,emoji_backhand_index_pointing_down_light_skin_tone,1,emoji_backhand_index_pointing_down_light_skin_tone
3,emoji_woman_facepalming_light_skin_tone,1,emoji_woman_facepalming_light_skin_tone
3,emoji_double_exclamation_mark,6,emoji_double_exclamation_mark
3,emoji_red_heart,15,emoji_red_heart
3,emoji_clapping_hands_light_skin_tone,1,emoji_clapping_hands_light_skin_tone
3,emoji_party_popper,10,emoji_party_popper
3,emoji_flexed_biceps,2,emoji_flexed_biceps
3,emoji_mending_heart,1,emoji_mending_heart
3,emoji_face_with_bags_under_eyes,1,emoji_face_with_bags_under_eyes
3,emoji_sparkles,1,emoji_sparkles
3,emoji_palms_up_together,14,emoji_palms_up_together
3,emoji_down_arrow,1,emoji_down_arrow
3,emoji_heart_hands_medium,1,emoji_heart_hands_medium
3,emoji_face_with_steam_from_nose,3,emoji_face_with_steam_from_nose
3,emoji_last_quarter_moon_face,1,emoji_last_quarter_moon_face
3,emoji_ogre,8,emoji_ogre
3,emoji_pinched_fingers_medium_skin_tone,1,emoji_pinched_fingers_medium_skin_tone
3,emoji_coffin,1,emoji_coffin
3,emoji_admission_tickets,1,emoji_admission_tickets
3,emoji_fearful_face,1,emoji_fearful_face
3,emoji_person_facepalming,6,emoji_person_facepalming
3,emoji_clapping_hands,8,emoji_clapping_hands
3,emoji_oncoming_fist,1,emoji_oncoming_fist
3,emoji_cow_face,1,emoji_cow_face
3,emoji_lying_face,2,emoji_lying_face
3,emoji_middle_finger_light_skin_tone,1,emoji_middle_finger_light_skin_tone
3,emoji_woman_with_headscarf,1,emoji_woman_with_headscarf
3,emoji_smiling_face_with_sunglasses,1,emoji_smiling_face_with_sunglasses
3,emoji_man_facepalming,1,emoji_man_facepalming
3,emoji_mouth,2,emoji_mouth
3,emoji_right,1,emoji_right
3,emoji_shark,1,emoji_shark
3,emoji_crocodile,1,emoji_crocodile
4,emoji_moai,181,emoji_moai
4,emoji_pensive_face,10,emoji_pensive_face
4,emoji_pleading_face,26,emoji_pleading_face
4,emoji_clown_face,15,emoji_clown_face
4,emoji_zany_face,40,emoji_zany_face
4,emoji_winking_face_with_tongue,23,emoji_winking_face_with_tongue
4,emoji_face_with_tears_of_joy,581,emoji_face_with_tears_of_joy
4,emoji_rolling_on_the_floor_laughing,559,emoji_rolling_on_the_floor_laughing
4,emoji_thumbs_down,3,emoji_thumbs_down
4,emoji_victory_hand_light_skin_tone,1,emoji_victory_hand_light_skin_tone
4,emoji_cat_with_tears_of_joy,580,emoji_cat_with_tears_of_joy
4,emoji_smiling_face_with_hearts,55,emoji_smiling_face_with_hearts
4,emoji_smiling_face_with_heart,18,emoji_smiling_face_with_heart
4,emoji_face_with_hand_over_mouth,143,emoji_face_with_hand_over_mouth
4,emoji_squinting_face_with_tongue,11,emoji_squinting_face_with_tongue
4,emoji_tired_face,1,emoji_tired_face
4,emoji_kitchen_knife,1,emoji_kitchen_knife
4,emoji_nauseated_face,4,emoji_nauseated_face
4,emoji_fire,70,emoji_fire
4,emoji_grinning_face_with_sweat,80,emoji_grinning_face_with_sweat
4,emoji_dizzy,4,emoji_dizzy
4,emoji_love,6,emoji_love
4,emoji_beaming_face_with_smiling_eyes,87,emoji_beaming_face_with_smiling_eyes
4,emoji_alien_monster,1,emoji_alien_monster
4,emoji_smiling_face_with_horns,8,emoji_smiling_face_with_horns
4,emoji_face_vomiting,7,emoji_face_vomiting
4,emoji_chart_increasing,4,emoji_chart_increasing
4,emoji_folded_hands,52,emoji_folded_hands
4,emoji_face_screaming_in_fear,5,emoji_face_screaming_in_fear
4,emoji_hundred_points,1,emoji_hundred_points
4,emoji_leaf_fluttering_in_wind,1,emoji_leaf_fluttering_in_wind
4,emoji_monkey,73,emoji_monkey
4,emoji_call_me_hand_light_skin_tone,1,emoji_call_me_hand_light_skin_tone
4,emoji_face_savoring_food,4,emoji_face_savoring_food
4,emoji_woozy_face,3,emoji_woozy_face
4,emoji_skull_and_crossbones,4,emoji_skull_and_crossbones
4,emoji_loudly_crying_face,84,emoji_loudly_crying_face
4,emoji_face_with_raised_eyebrow,3,emoji_face_with_raised_eyebrow
4,emoji_snake,1,emoji_snake
4,emoji_sleeping_face,1,emoji_sleeping_face
4,emoji_deaf_person,1,emoji_deaf_person
4,emoji_face_with_symbols_on_mouth,17,emoji_face_with_symbols_on_mouth
4,emoji_enraged_face,338,emoji_enraged_face
4,emoji_angry_face,4,emoji_angry_face
4,emoji_hot_face,3,emoji_hot_face
4,emoji_angry_face_with_horns,5,emoji_angry_face_with_horns
4,emoji_see,1,emoji_see
4,emoji_money,2,emoji_money
4,emoji_grinning_squinting_face,16,emoji_grinning_squinting_face
4,emoji_sneezing_face,2,emoji_sneezing_face
4,emoji_smiling_face_with_sunglasses,6,emoji_smiling_face_with_sunglasses
4,emoji_cross_mark,8,emoji_cross_mark
4,emoji_check_mark,1,emoji_check_mark
4,emoji_latin_cross,8,emoji_latin_cross
4,emoji_orangutan,1,emoji_orangutan
4,emoji_crying_face,13,emoji_crying_face
4,emoji_man_dancing,3,emoji_man_dancing
4,emoji_sparkles,1,emoji_sparkles
4,emoji_check_mark_button,6,emoji_check_mark_button
4,emoji_broken_heart,17,emoji_broken_heart
4,emoji_upside,6,emoji_upside
4,emoji_pig_face,4,emoji_pig_face
4,emoji_monkey_face,1,emoji_monkey_face
4,emoji_backhand_index_pointing_down,1,emoji_backhand_index_pointing_down
4,emoji_smirking_face,24,emoji_smirking_face
4,emoji_hear,4,emoji_hear
4,emoji_confused_face,2,emoji_confused_face
4,emoji_face_with_tongue,2,emoji_face_with_tongue
4,emoji_ogre,1,emoji_ogre
4,emoji_pile_of_poo,3,emoji_pile_of_poo
4,emoji_check_box_with_check,1,emoji_check_box_with_check
4,emoji_face_with_steam_from_nose,4,emoji_face_with_steam_from_nose
4,emoji_smiling_face_with_halo,10,emoji_smiling_face_with_halo
4,emoji_slightly_smiling_face,5,emoji_slightly_smiling_face
4,emoji_smiling_face_with_smiling_eyes,7,emoji_smiling_face_with_smiling_eyes
4,emoji_nerd_face,4,emoji_nerd_face
4,emoji_disguised_face,1,emoji_disguised_face
4,emoji_unamused_face,3,emoji_unamused_face
4,emoji_fish_cake_with_swirl,1,emoji_fish_cake_with_swirl
4,emoji_person_bowing,2,emoji_person_bowing
4,emoji_female_sign,5,emoji_female_sign
4,emoji_brown_heart,1,emoji_brown_heart
4,emoji_warning,1,emoji_warning
4,emoji_backhand_index_pointing_right_light_skin_tone,1,emoji_backhand_index_pointing_right_light_skin_tone
4,emoji_smiling_cat_with_heart,2,emoji_smiling_cat_with_heart
4,emoji_star,2,emoji_star
4,emoji_expressionless_face,8,emoji_expressionless_face
4,emoji_anatomical_heart,1,emoji_anatomical_heart
4,emoji_face_blowing_a_kiss,1,emoji_face_blowing_a_kiss
4,emoji_skull,2,emoji_skull
4,emoji_smiling_face_with_tear,1,emoji_smiling_face_with_tear
4,emoji_sad_but_relieved_face,2,emoji_sad_but_relieved_face
4,emoji_weary_face,4,emoji_weary_face
4,emoji_hand_with_index_finger_and_thumb_crossed,1,emoji_hand_with_index_finger_and_thumb_crossed
4,emoji_thumbs_up,26,emoji_thumbs_up
4,emoji_face_holding_back_tears,2,emoji_face_holding_back_tears
4,emoji_smiling_face_with_open_hands,7,emoji_smiling_face_with_open_hands
4,emoji_relieved_face,13,emoji_relieved_face
4,emoji_person_facepalming,6,emoji_person_facepalming
4,emoji_male_sign,1,emoji_male_sign
4,emoji_palms_up_together,26,emoji_palms_up_together
4,emoji_whale,1,emoji_whale
4,emoji_disappointed_face,2,emoji_disappointed_face
4,emoji_kaaba,23,emoji_kaaba
4,emoji_star_and_crescent,30,emoji_star_and_crescent
4,emoji_spouting_whale,11,emoji_spouting_whale
4,emoji_neutral_face,1,emoji_neutral_face
4,emoji_flushed_face,9,emoji_flushed_face
4,emoji_thinking_face,16,emoji_thinking_face
4,emoji_folded_hands_light_skin_tone,4,emoji_folded_hands_light_skin_tone
4,emoji_scroll,6,emoji_scroll
4,emoji_grapes,3,emoji_grapes
4,emoji_cityscape,6,emoji_cityscape
4,emoji_exploding_head,3,emoji_exploding_head
4,emoji_raising_hands,18,emoji_raising_hands
4,emoji_rightwards_pushing_hand,3,emoji_rightwards_pushing_hand
4,emoji_face_with_monocle,1,emoji_face_with_monocle
4,emoji_grimacing_face,1,emoji_grimacing_face
4,emoji_yawning_face,3,emoji_yawning_face
4,emoji_billed_cap,1,emoji_billed_cap
4,emoji_index_pointing_up,2,emoji_index_pointing_up
4,emoji_flexed_biceps,11,emoji_flexed_biceps
4,emoji_cross_mark_button,1,emoji_cross_mark_button
4,emoji_face_with_medical_mask,1,emoji_face_with_medical_mask
4,emoji_collision,1,emoji_collision
4,emoji_grinning_face_with_smiling_eyes,4,emoji_grinning_face_with_smiling_eyes
4,emoji_wilted_flower,39,emoji_wilted_flower
4,emoji_shushing_face,1,emoji_shushing_face
4,emoji_grinning_face,3,emoji_grinning_face
4,emoji_handshake,4,emoji_handshake
4,emoji_ewe,1,emoji_ewe
4,emoji_victory_hand,6,emoji_victory_hand
4,emoji_grinning_face_with_big_eyes,8,emoji_grinning_face_with_big_eyes
4,emoji_person_facepalming_medium,1,emoji_person_facepalming_medium
4,emoji_drooling_face,3,emoji_drooling_face
4,emoji_woman_dancing,1,emoji_woman_dancing
4,emoji_clapping_hands,4,emoji_clapping_hands
4,emoji_index_pointing_at_the_viewer,2,emoji_index_pointing_at_the_viewer
4,emoji_sleepy_face,2,emoji_sleepy_face
4,emoji_smiling_face,4,emoji_smiling_face
4,emoji_raised_fist,5,emoji_raised_fist
4,emoji_downcast_face_with_sweat,2,emoji_downcast_face_with_sweat
4,emoji_crown,2,emoji_crown
4,emoji_backhand_index_pointing_up,1,emoji_backhand_index_pointing_up
4,emoji_ribbon,5,emoji_ribbon
4,emoji_melting_face,1,emoji_melting_face
4,emoji_hot_beverage,3,emoji_hot_beverage
4,emoji_person_shrugging,3,emoji_person_shrugging
4,emoji_rose,1,emoji_rose
4,emoji_face_with_crossed,1,emoji_face_with_crossed
4,emoji_frowning_face,10,emoji_frowning_face
4,emoji_nazar_amulet,4,emoji_nazar_amulet
4,emoji_winking_face,1,emoji_winking_face
4,emoji_face_with_bags_under_eyes,1,emoji_face_with_bags_under_eyes
4,emoji_face_with_rolling_eyes,6,emoji_face_with_rolling_eyes
4,emoji_double_exclamation_mark,1,emoji_double_exclamation_mark
4,emoji_anxious_face_with_sweat,1,emoji_anxious_face_with_sweat
4,emoji_police_officer,1,emoji_police_officer
4,emoji_cold_face,1,emoji_cold_face
4,emoji_up,1,emoji_up
4,emoji_face_with_open_mouth,1,emoji_face_with_open_mouth
4,emoji_worried_face,1,emoji_worried_face
4,emoji_right,1,emoji_right
4,emoji_left,1,emoji_left
4,emoji_red_heart,1,emoji_red_heart
4,emoji_oncoming_fist,2,emoji_oncoming_fist
5,emoji_bird,2,emoji_bird
5,emoji_fire,28,emoji_fire
5,emoji_rolling_on_the_floor_laughing,221,emoji_rolling_on_the_floor_laughing
5,emoji_hot_face,22,emoji_hot_face
5,emoji_smiling_face_with_smiling_eyes,56,emoji_smiling_face_with_smiling_eyes
5,emoji_loudly_crying_face,58,emoji_loudly_crying_face
5,emoji_moai,58,emoji_moai
5,emoji_grinning_squinting_face,18,emoji_grinning_squinting_face
5,emoji_grinning_face_with_sweat,118,emoji_grinning_face_with_sweat
5,emoji_peach,10,emoji_peach
5,emoji_face_with_tears_of_joy,533,emoji_face_with_tears_of_joy
5,emoji_smiling_face_with_hearts,34,emoji_smiling_face_with_hearts
5,emoji_purple_heart,2,emoji_purple_heart
5,emoji_face_with_hand_over_mouth,41,emoji_face_with_hand_over_mouth
5,emoji_kiss_mark,17,emoji_kiss_mark
5,emoji_backhand_index_pointing_down,16,emoji_backhand_index_pointing_down
5,emoji_drooling_face,88,emoji_drooling_face
5,emoji_star,3,emoji_star
5,emoji_hand_with_index_finger_and_thumb_crossed,1,emoji_hand_with_index_finger_and_thumb_crossed
5,emoji_face_savoring_food,48,emoji_face_savoring_food
5,emoji_cat_with_tears_of_joy,3,emoji_cat_with_tears_of_joy
5,emoji_folded_hands,23,emoji_folded_hands
5,emoji_smiling_face_with_heart,92,emoji_smiling_face_with_heart
5,emoji_face_blowing_a_kiss,42,emoji_face_blowing_a_kiss
5,emoji_sweat_droplets,29,emoji_sweat_droplets
5,emoji_biting_lip,2,emoji_biting_lip
5,emoji_person_facepalming_light_skin_tone,2,emoji_person_facepalming_light_skin_tone
5,emoji_male_sign,2,emoji_male_sign
5,emoji_smirking_face,15,emoji_smirking_face
5,emoji_relieved_face,7,emoji_relieved_face
5,emoji_zany_face,18,emoji_zany_face
5,emoji_flushed_face,18,emoji_flushed_face
5,emoji_grimacing_face,12,emoji_grimacing_face
5,emoji_face_with_open_eyes_and_hand_over_mouth,1,emoji_face_with_open_eyes_and_hand_over_mouth
5,emoji_beaming_face_with_smiling_eyes,86,emoji_beaming_face_with_smiling_eyes
5,emoji_confounded_face,1,emoji_confounded_face
5,emoji_pinching_hand_light_skin_tone,2,emoji_pinching_hand_light_skin_tone
5,emoji_woman_dancing,5,emoji_woman_dancing
5,emoji_smiling_face_with_halo,7,emoji_smiling_face_with_halo
5,emoji_face_without_mouth,1,emoji_face_without_mouth
5,emoji_folded_hands_light_skin_tone,6,emoji_folded_hands_light_skin_tone
5,emoji_squinting_face_with_tongue,7,emoji_squinting_face_with_tongue
5,emoji_tired_face,6,emoji_tired_face
5,emoji_eggplant,4,emoji_eggplant
5,emoji_smiling_face_with_horns,1,emoji_smiling_face_with_horns
5,emoji_face_with_rolling_eyes,10,emoji_face_with_rolling_eyes
5,emoji_slightly_smiling_face,3,emoji_slightly_smiling_face
5,emoji_thinking_face,10,emoji_thinking_face
5,emoji_disappointed_face,1,emoji_disappointed_face
5,emoji_confused_face,1,emoji_confused_face
5,emoji_smiling_face,4,emoji_smiling_face
5,emoji_smiling_face_with_open_hands,7,emoji_smiling_face_with_open_hands
5,emoji_grinning_face,36,emoji_grinning_face
5,emoji_collision,8,emoji_collision
5,emoji_winking_face_with_tongue,12,emoji_winking_face_with_tongue
5,emoji_middle_finger,4,emoji_middle_finger
5,emoji_kissing_face,1,emoji_kissing_face
5,emoji_zipper,1,emoji_zipper
5,emoji_grinning_face_with_big_eyes,6,emoji_grinning_face_with_big_eyes
5,emoji_smiling_face_with_sunglasses,11,emoji_smiling_face_with_sunglasses
5,emoji_two_hearts,2,emoji_two_hearts
5,emoji_revolving_hearts,5,emoji_revolving_hearts
5,emoji_expressionless_face,6,emoji_expressionless_face
5,emoji_crying_face,21,emoji_crying_face
5,emoji_woozy_face,7,emoji_woozy_face
5,emoji_bikini,10,emoji_bikini
5,emoji_backhand_index_pointing_right,2,emoji_backhand_index_pointing_right
5,emoji_ok_hand,8,emoji_ok_hand
5,emoji_thumbs_up,36,emoji_thumbs_up
5,emoji_kissing_face_with_smiling_eyes,5,emoji_kissing_face_with_smiling_eyes
5,emoji_mouth,1,emoji_mouth
5,emoji_grinning_face_with_smiling_eyes,24,emoji_grinning_face_with_smiling_eyes
5,emoji_see,8,emoji_see
5,emoji_party_popper,22,emoji_party_popper
5,emoji_baby_bottle,10,emoji_baby_bottle
5,emoji_backhand_index_pointing_left,3,emoji_backhand_index_pointing_left
5,emoji_kissing_face_with_closed_eyes,5,emoji_kissing_face_with_closed_eyes
5,emoji_movie_camera,1,emoji_movie_camera
5,emoji_face_screaming_in_fear,5,emoji_face_screaming_in_fear
5,emoji_winking_face,6,emoji_winking_face
5,emoji_unamused_face,4,emoji_unamused_face
5,emoji_cancer,1,emoji_cancer
5,emoji_person_facepalming,3,emoji_person_facepalming
5,emoji_female_sign,2,emoji_female_sign
5,emoji_kiss,4,emoji_kiss
5,emoji_banana,1,emoji_banana
5,emoji_pensive_face,3,emoji_pensive_face
5,emoji_enraged_face,6,emoji_enraged_face
5,emoji_face_with_tongue,5,emoji_face_with_tongue
5,emoji_fearful_face,1,emoji_fearful_face
5,emoji_p_button,1,emoji_p_button
5,emoji_a_button_,1,emoji_a_button_
5,emoji_hundred_points,1,emoji_hundred_points
5,emoji_black_heart,1,emoji_black_heart
5,emoji_shushing_face,3,emoji_shushing_face
5,emoji_person_raising_hand,4,emoji_person_raising_hand
5,emoji_thumbs_up_medium_skin_tone,1,emoji_thumbs_up_medium_skin_tone
5,emoji_victory_hand,2,emoji_victory_hand
5,emoji_weary_face,4,emoji_weary_face
5,emoji_no_one_under_eighteen,2,emoji_no_one_under_eighteen
5,emoji_astonished_face,9,emoji_astonished_face
5,emoji_disguised_face,2,emoji_disguised_face
5,emoji_cross_mark_button,2,emoji_cross_mark_button
5,emoji_check_mark_button,8,emoji_check_mark_button
5,emoji_neutral_face,1,emoji_neutral_face
5,emoji_lotus,1,emoji_lotus
5,emoji_sunflower,1,emoji_sunflower
5,emoji_thumbs_down,7,emoji_thumbs_down
5,emoji_backhand_index_pointing_up,1,emoji_backhand_index_pointing_up
5,emoji_nerd_face,1,emoji_nerd_face
5,emoji_face_with_open_mouth,27,emoji_face_with_open_mouth
5,emoji_bow_and_arrow,2,emoji_bow_and_arrow
5,emoji_rocket,4,emoji_rocket
5,emoji_face_with_peeking_eye,2,emoji_face_with_peeking_eye
5,emoji_face_in_clouds,1,emoji_face_in_clouds
5,emoji_nauseated_face,1,emoji_nauseated_face
5,emoji_person_bowing,1,emoji_person_bowing
5,emoji_sparkling_heart,18,emoji_sparkling_heart
5,emoji_bouquet,3,emoji_bouquet
5,emoji_kiss_woman_man,1,emoji_kiss_woman_man
5,emoji_couple_with_heart_woman_man,1,emoji_couple_with_heart_woman_man
5,emoji_person_feeding_baby,1,emoji_person_feeding_baby
5,emoji_pleading_face,1,emoji_pleading_face
5,emoji_sneezing_face,2,emoji_sneezing_face
5,emoji_speak,5,emoji_speak
5,emoji_hear,4,emoji_hear
5,emoji_raising_hands,1,emoji_raising_hands
5,emoji_nose,5,emoji_nose
5,emoji_tongue,4,emoji_tongue
5,emoji_red_heart,117,emoji_red_heart
5,emoji_man_facepalming,1,emoji_man_facepalming
5,emoji_watermelon,1,emoji_watermelon
5,emoji_droplet,1,emoji_droplet
5,emoji_face_with_head,3,emoji_face_with_head
5,emoji_double_exclamation_mark,2,emoji_double_exclamation_mark
5,emoji_face_with_raised_eyebrow,1,emoji_face_with_raised_eyebrow
5,emoji_face_with_steam_from_nose,4,emoji_face_with_steam_from_nose
5,emoji_person_getting_massage,1,emoji_person_getting_massage
5,emoji_cold_face,1,emoji_cold_face
5,emoji_timor,1,emoji_timor
5,emoji_eswatini,1,emoji_eswatini
5,emoji_turks_,1,emoji_turks_
5,emoji_red_exclamation_mark,6,emoji_red_exclamation_mark
5,emoji_check_mark,1,emoji_check_mark
5,emoji_face_with_thermometer,1,emoji_face_with_thermometer
5,emoji_thumbs_up_light_skin_tone,1,emoji_thumbs_up_light_skin_tone
5,emoji_horse,1,emoji_horse
5,emoji_smiling_cat_with_heart,1,emoji_smiling_cat_with_heart
5,emoji_raised_fist,1,emoji_raised_fist
5,emoji_heart_decoration,3,emoji_heart_decoration
5,emoji_mount_fuji,2,emoji_mount_fuji
5,emoji_fox,1,emoji_fox
5,emoji_cyclone,1,emoji_cyclone
5,emoji_tornado,1,emoji_tornado
5,emoji_helicopter,1,emoji_helicopter
5,emoji_money,1,emoji_money
5,emoji_yawning_face,1,emoji_yawning_face
5,emoji_eye,1,emoji_eye
5,emoji_eyes,2,emoji_eyes
