Komentar,Label_Validator
"Terbongkar! @Prabowo Selain Stroke Juga Mengidap Schizophrenia, Berpotensi Gila",2
Obat Progesterex Untuk Memperkosa Wanita,2
Buat cebong jangan nyinyir terus kalo bukti di tangan kita kalian mau apa,2
Makruf Amin. Jokowi pewaris Indonesia karena Beliau Cucu Sunan Kali Jaga.,2
GARAM TIDAK BOLEH DIMASAK !!!,2
HIV dalam Makanan Kaleng,2
"BJ Habibie; ""Bila akalnya sehat pasti pilih Prabowo""",2
INGAT PESAN KH. AHMAD DAHLAN 1 ABAD YANG LALU,2
Pesan Pesan Steve Guoves,2
"Artikel Sangat Berharga: Pengakuan Jujur Jusuf Kalla, Perjuangan Moral Jokowi",2
AHOK Sang Saka Merah Putih,2
AHOK AKAN BELAJAR KEBIJAKAN PUBLIK KENNEDY CENTER ATAU JOHN F.KENNEDY SCHOOL OF GOVERNMENT DI HARVARD UNIVERSITY,2
WhatsApp Ulang Tahun ke 10: Dapatkan 35 GB internet gratis,2
Waspada Dokter Palsu Penyebar Virus AIDS Bermodus Tes Gula,2
Masak Mie Instan Langsung dengan Bumbunya Menyebabkan Kanker,2
Tabung Gas Elpiji Kadaluwarsa Pasca Tabung Meledak di PHD Bekasi,2
"Jokowi: Sejarah Aslinya, PKI itu Tidak Bersalah Apalagi Mengancam, Yang Berbahaya Itu Islam Radikal",2
Gratis Isi Full Tangki Anda' pada 29-30 Februari 2019,2
Makan durian dicampur dengan Coca-Cola menyebabkan kematian,2
"JANGAN AMBIL KEY CHAIN DALAMNYA ADA GPS NANTI DIIKUTI TERUS, SAMPAI RUMAH DIRAMPOK",2
Isu jarum mengandung HIV/AIDS di Bioskop,2
Certification Of Vaccination Identification 2019” dan Penanaman Barcode Implan di Wuhan pada Tahun 2019,2
FPI sudah masuk Wamena untuk mengibarkan bendera Merah Putih dan Posko Jihad Wamena.,2
Malam ini jam 24:00 BBM naik Tanggal 30 Agustus 2019,2
Info Rekrutmen CPNS dibuka Tanggal 23 Oktober 2019,2
"Pemadaman listrik wilayah bekasi hari Sabtu dan Minggu, Tgl 24 & 25 Agustus 2019",2
Lowongan Pekerjaan PT Timah Persero Tbk 2019,2
OKTOBER 2019 PRABOWO-SANDI DILANTIK,2
JOKOWI DIPASTIKAN TIDAK MENANG PILPRES 2019,2
Jokowi Diruqiyah dan Tambah Ilmu Ghaib untuk Menangi Pilpres 2019,2
Media Sosial dan Aplikasi Pesan Dipantau Dimasa Tenang Pemilu 2019,2
Informasi 12 Tempat Rawan Begal Di Surabaya Oleh Kapolrestabes Surabaya,2
MENHAN PRABOWO meminta Pada MENHAN CHINA untuk membebaskan para sandara yang di tahan di Cham Militer China,2
Wanita hamil tidak boleh keluar selama gerhana matahari berlangsung,2
"Delegasi Uighur Dikabarkan Ditolak Jokowi, Salim Said: Indonesia Merdeka Apa Dijajah China?",2
Legenda Hello Kitty berasal dari gadis penderita kanker mulut dan Hello Kiity artinya dalam bahasa China adalah Halo Iblis,2
"MENHAM PRABOWO TERPERANGKAP, MILITER INDONESIA DI AKUISISI CHINA?",2
Bawang Merah Mampu Tangkal Racun Ular Kobra,2
Mesut Ozil Sindir Indonesia dan Wapresnya Perihal Uighur,2
Parutan Kelapa Bisa Sebabkan Kremian,2
Cacing Berkembang di Mata Karena Mengucek Setelah Memegang Kucing/Anjing,2
Air Nanas Panas Sembuhkan Kanker,2
"SEBELUM DI SETRUM MATI, PERMINTAAN PRIA INI MEMBUAT SURAT WASIAT PADA IBUNYA",2
"Missed Call Dari Nomor Luar Negeri yang Dapat Menyalin Daftar Kontak, Mengakses SIM Card, dan Menjebol Data Bank",2
Megawati: Jauhi Anak Dari Agama Jika Besarnya Nanti Hanya Untuk Membunuh Orang,2
"Gambar perempuan berjilbab syari. Tulisannya, wife and doughter of Panglima Polim.",2
kemunculan Oarfish pertanda gempa bumi dahsyat bahkan tsunami,2
Aplikasi DANA Adalah Buatan China Dan Memiliki Nama Asli Alipay,2
Pemakaian Perhiasan Emas Pada Bayi Berbahaya Karena Partikel Emas Dapat Menembus Kulit,2
"TAHUKAH...ANCAMAN CHINA..???? KATAKAN KEPADA CHINA: ""KETIKA MENGGANGGU KEDAULATAN NEGARA INDONESIA, RAKYAT TIDAK AKAN TINGGAL DIAM""",2
angan pijak kecoa sampai mati karena isi perut kecoa sangat bahaya,2
Prof. Taruna Ikrar : “Ahok termasuk pemimpin di Indonesia yang perlu diobservasi otaknya,2
KERAJAAN ARAB SAUDI TETAPKAN: HRS KETURUNAN RASULULLAH SAW KE-38,2
"UYM: Sholat Dimonas Itu Dosa, Karena Dianggap Riya, Semoga Para Alumni 212 Segera Bertobat",2
"Jokowi-Amin Sudah Sebulan Dilantik, KPU Bongkar Ribuan Kotak Suara Pemilu 2019",2
spanduk TNI menyambut hangat untuk para peserta aksi milad 212 besok hari senin,2
Buah Disuntik Darah HIV/AIDS Tujuan Menghabiskan orang asli Papua,2
Mengapa Canada menolak menghilangkan babi dari menu makanan sekolah?,2
Restoran Sederhana Ulang Tahun Ke-15 Membagikan Makanan Gratis,2
usus ibunya dimakan oleh Bayi ini,2
Pesan Berantai Catut Disdukcapil Bandung,2
"Ide ‘gila’ Nadiem Makarim: ingin memangkas jumlah tahun pendidikan SD, SMP, SMA",2
"Demi Palestina, Cristiano Ronaldo Sumbang Rp 21,7 Miliar",2
"Jokowi Nilai Positif Jabatan Presiden Diusulkan Tiga Periode, “Sangat Bagus”",2
Anies Diberi Gelar Kehormatan oleh Perkumpulan Tiong Hoa dg Nama Liem Ay Bon,2
"Percuma Dilaporkan, PDIP Sebut Sukmawati Tidak Bisa Ditahan Karena Dia Orang ""Kuat""",2
"Gara-gara Tamu Asing Sering ke Kantor Anies daripada ke Istana Presiden, Ibukota pun Dipindah",2
Serangga yang Dapat Menyebabkan Tubuh Berlubang dan Sakit Luar Biasa Ketika Disentuh,2
"Mahfud MD: Jika Tidak Ada Yang Jemput Guru Saya, Biar Saya Saja Yang Jemput HRS",2
"Foto di Istana Bogor, Bayar Rp. 15 ribu",2
Menhan: Wajib Militer Ampuh Menangkal Bangkitnya PKI,2
"Cegah ""Radikalisme"", Menag akan Ganti Ayat-Ayat Alquran?",2
Ade Armando Akting Sakit Ketika Mau Dipanggil Polisi,2
Gebrakan Menteri Kesehatan yang Baru,2
Menhan Prabowo dan Panglima akan menertibkan ORMAS yang berpakaian mirip Uniform TNI,2
Penyumbatan di usus karena konsumsi mie atau spaghetti yang disingkirkan saat dokter melakukan operasi,2
"Tadi malam UU tentang suara azan telah disahkan, pemerintah Jokowi akan bertindak tegas dengan pelanggaran UU",2
Video seorang wanita tersentuh oleh kuasa Roh Kudus panik di pesawat Cayman Airways,2
Johnny G Plate Menteri Kominfo Beri Gebrakan Gratis Telepon,2
Pelajar Sekolah Meninggal Ketika Sedang Bermain Game Online,2
"Prabowo Masih Kurang Cocok Jadi Menhan, Harusnya Coba Menjabat Dari Ketua RT Dulu",2
"Allah Bukan Dari Arab, Jadi Kalau Berdoa Di Masjid Pakai Bahasa Indonesia Saja",2
Lowongan Kerja PT Angkasa Pura 1 2019,2
Auman raksasa dajjal dari bawah dasar lautan Samudra Pasifik,2
"Kecewa Kader NU Tak Di Jadikan Menteri Agama, PBNU Do’akan Jokowi Kualat",2
Jokowi Memberikan Setengah Kekuasaannya kepada Prabowo,2
AWAS....!!!! GELOMBANG PANAS KINI MELANDA NEGARA KITA,2
"Hamza Dalj asal Aljazair, hacker yang membantu Palestina dihukum mati",2
Gerindra: Pak Prabowo Sudah Mengirim Utusan Untuk Kepulangan Habib Rizieq Shihab,2
Pangling! Mari Cek Harga Tas Hermes Ibu Wury Ma'ruf Amin Saat Pelantikan,2
RSCM Praktekkan Penyedotan Plug (Sumbatan) Vena/Saluran Darah,2
"Prabowo: Saya Terima Jabatan Menteri Pertahan, Dengan Syarat Pemerintah Pulangkan HRS",2
Pesan Larangan Kendaraan Plat AD Solo ke Jogja,2
Jokowi Tersinggung Banyak Rakyat Matikan TV Saat Pelantikan,2
"McDonald, KFC, Dominos, dan Pizza Hut Sudah Dicabut Sertifikasi Halalnya",2
Gatot Nurmantyo Dicopot sebagai Panglima TNI karena Gagalkan Penyelundupan Senjata dari Cina,2
Kepulauan Maluku Tenggelam ke Jurang Palung Laut,2
Hujan batu seperti serpihan meteor menuju bumi di Purwakarta,2
Maskapai penebangan Turki melarikan diri dari tabrakan yang direncanakan oleh teroris dengan tanker bahan bakar,2
"600 Orang Terjangkit Difteri, Dinkes Imunisasi Masal Desember Mendatang",2
Presiden Jokowi Melecehkan Bendera Merah Putih,2
Terjadi Tsunami Malam Tahun Baru 31 Desember 2019 Seluruh Indonesia,2
"China Menunggu Kekacauan Indonesia, Bila Indonesia Sudah Kacau, China Akan Masuk Ke Indonesia Dengan Alasan Mengamankan Harta Mereka",2
Deddy Corbuzier Berikan Mobil untuk Shinta Nuriyah,2
Air Liur Dari Terompet Dapat Sebarkan Penyakit Berbahaya,2
Video Jokowi Mulai Pucat SBY Ungkap Pelaku Korupsi,2
singapore seperti china komunis yang membenci Islam,2
Penyiksaan oleh komunis terhadap muslim Uighur,2
Tentara Malaysia Siap Diterjunkan Ke Palestina,2
Jokowi Halal Dilengserkan,2
Cara Cepat Cek Jantung Dengan Air dan Es Batu,2
Mungkin Kali ciliwung mw bilang @aniesbaswedan I’m coming..!!,2
jokowi pewaris indonesia krn beliau cucu sunan kali jaga,2
tercetak sebelum tgl 1 januari,2
"Fatimah Aynur, Muslimah cantik Uyghur yang syahid tewas disiksa, diperkosa dan dibunuh oleh komunis China",2
seorang perwira Cina memukuli seorang Muslim Uyghur karena memiliki salinan Alquran,2
TIDAK DIBERITAKAN OLEH MEDIA MAINSTREAM,2
Ternyata Sandiaga Salahuddin Uno ( SANDI ) Punya Gelar Professor tetapi tidak dipakainya,2
kedzoliman rezim pasti terkuak,2
The Jakmania dan Suporter Semen Padang Dukung Jokowi-Ma’ruf Amin Dalam Pilpres 2019,2
Anggota Panwaslu dan KPU Buka Belang Lembaganya,2
masa lewat got sampai nyungsep segitunya,2
TNI-Polri Pose Dua Jari Dukung Prabowo-Sandiaga,2
Satu lagi kebohongan @sandiuno,2
"SRI MULYANI: YANG TERIMA GAJI GURU TETAP, YANG CAPEK MENGAJAR MALAH HONORER",2
Sakit nya tuh disini,2
Ternyata Prabowo Bisa Ngaji,2
Postingan Akun Facebook Lambe Turah yang Sebut Pelaku Pembunuhan Siswi SMK Sudah Ditangkap,2
TERJADI AKSI BUNUH DIRI DI KAWASAN SUKOHARJO,2
Ketua KPU Adalah Saudara Kandung Soe Hok Gie,2
TV Dirusak Karena Pemberitaan Harga BBM Turun 200 Rupiah,2
USTAZ ARIFIN ILHAM MENINGGAL DUNIA,2
Gambar Judul Artikel Berjudul Penyewa VA Adalah Kader PKS,2
Pelintiran Konteks Video Prabowo Menari Sajojo,2
Pekerja Lokal Tambang Nikel Tidak Boleh SHalat Jumat Oleh Perusahaan China,2
Pasien Peserta BPJS Rawat Inap Pindah Ke Gerbang Tol,2
Hoax adalah Berita yang Tidak Sesuai dengan Kepentingan Penguasa,2
Foto Anak Perempuan yang Dikabarkan Hilang Sekarang Sudah Berada di Polsek Citeureup Bogor,2
"Usai Pidato Kebangsaan, Hasil Survei Prabowo – Sandi 67,8%",2
Ijazah SMA Presiden Joko Widodo Palsu.,2
JAGAN KETAWA. KETAWANYA DALAM HATI AJA,2
Tidak Ada Teman Satu Kelas atau Satu Angkatan Kuliah di Fakultas Kehutanan UGM yang Memberikan Testimoni tentang Jokowi,2
Jadi sudah tau kan kalau rezim jokowi anti islam,2
Kapal Tenggelam di Danau Toba,2
Pemegang Flyer Bernama Pujiastuti Hastasiwi,2
Lagi heboh hari ini #putihkansolo,2
Agnez Mo JAHAP,2
Panglima TNI salam dua jari biarkan cebong bunuh diri,2
Ayo diralat lagi Kebijakannya,2
Simbol Jari Telunjuk dan Jempol adalah Dukungan Secara Tak Sadar dari Kampret untuk Jokowi,2
setelah mau pilihan pilres buru buru adakan sidak,2
"PUJI PIDATO PRABOWO, ERDOGAN : SOEKARNO BARU AKAN MUNCUL DI INDONESIA",2
Jadi yang Antek Jongos dan Budak Asing itu siapa?,2
Saya kira ini tanda-tanda,2
Pria Bule yang Hadir pada Debat Pilpres Perdana ialah Konsultan Politik Prabowo – Sandi,2
udeh kronis amat ame 2JARI,2
Tusuk Gigi dan Kunyit Pendeteksi Borax,2
Sudah menyebar didiamkan pula,2
Slogan Bersatu Keselamatan No. 1,2
Poster Habib Rizieq Shihab Tarik Dukungan Terhadap Prabowo,2
Sby akhirnya mendukung kerja pemerintah jokowi,2
Menari diatas penderitaan rakyat,2
"Rizal Ramli : RI Berhutang Lagi Yield 11,625%, 4 Maret 2019",2
Keluarga Gusdur mendukung penuh calon President 01,2
Jokowi akan Bekerja Sama dengan Beberapa Bank Menggunakan Dana Nasabah untuk Proyek Besar,2
Kapten Leo Sianturi Ditelantarkan Rumah Sakit TNI,2
"Jokowi Bilang “PKI Tidak Bersalah, apalagi Mengancam”, Yang Berbahaya itu islam radikal",2
orang Cina punya KTP Cilacap atas nama Karsono,2
Imbas ketidaksetaraan kesejahteraan gaji pekerja lokal dan TKA,2
Tulisan Lafadz Allah di Tisu Toilet,2
Video Operasi Karena Lintah di Kangkung,2
"Video Kapal Tenggelam di Perairan Kangean, Jawa Timur",2
SURAT UNDANGAN WORKSHOP PENDUKUNG JABATAN FUNGSIONAL PERENCANAAN (WORKSHOP PAK-APAK),2
Patung Ahok di museum lilin Madame Tussauds Hongkong,2
wiranto akan melakukan kecurangan terhadap peghitungan suara,2
Skema Kewaspadaan Umat : Ahok Diangkat Menjadi Wakil Presiden Lalu Menjadi Presiden.,2
Imigran China di Jakarta Dipulangkan Anies Baswedan ke Negara Asalnya,2
Maimon Herawati : TOLAK RUU Pro Zina,2
Diduga Dibangun Pakai Material Kw 3 dari China,2
"Stroke Kambuh, Prabowo Batal Orasi Politik di Acara Fraksi PKS",2
paham politik gak sih pak?,2
udang jadi tersangka,2
berSATU untuk nomor SATU,2
mengintimidasi ASN bawahannya,2
Polisi mulai intimidasi warga *InfoAkurat,2
Salam  dari MAHER ZAIN,2
Prabowo Shalat Jumat Di Mana? Kami Sudah Keliling Masjid Tapi Tak Ketemu,2
Adanya Teroris di Minut Sulawesi Utara,2
Pesan Berantai Lazada Grand Prize Hadiah Ratusan Juta Rupiah,2
PSI Buat dan Pasang Spanduk yang Bertuliskan ‘Hargai Hak – Hak LGBT,2
JOKOWI JADI ORANG TERKAYA NOMOR 18 DI ASIA,2
DITEMUKAN MAYAT MENGAMBANG DI DUDUKSAMPEYAN GRESIK,2
Pembuatan SIM Tanpa Tes pada 29 Februari 2019,2
"1 minggu kedepan padang hati hati dan waspada gempa 7,6 SR",2
"Tangkapan Layar Artikel “Web KPU Diretas, Temuan Mengejutan!! Jokowi Angkat Isu PKI",2
KAMI OPTIMIS PAK JOKOWI TAK AKAN BOHONG DAN INGKAR JANJI LAGI,2
Tes Merkuri pada Kosmetik Dengan Emas.,2
KORAN INGGRIS,2
KENAPA RAKYAT TAK BERONTAK,2
bu Hamil Dilarang Nonton Gerhana karena Bahaya,2
Cara Pemakaian Masker Yang Benar,2
Postingan Facebook Tutut Soeharto yang Menyindir Jokowi Tentang Pembangunan Jalan Tol,2
SERTIFIKAT GANDA KERJA REZIM JOKOWI,2
Es Krim Magnum Mengandung Babi,2
Alasan Din Syamsuddin Mundur Dari Utusan Khusus Presiden,2
PENANKAPAN TERDUGA TERORIS DI WILAYAH DESA RUMAH TIGA,2
SMS Dukungan Buat Jokowi di Pilpres 2019,2
TERJADI AKSI BEGAL DI WILAYAH LIMUNJAN BERAU,2
Foto Gajah Menolong Anak Singa Dengan Belalainya.,2
Kaesang Kenakan Kaus Oblong Hitam Berlogo Palu Arit,2
Pawai penyambutan Pak Prabowo di Bandung,2
Ellen DeGeneres Bagi-Bagi Hadiah Valentine di Facebook ( Is Ellen Degeneres Holding a Facebook Giveaway? ),2
Tentara merah RRC di pluit jkt,2
Terakhir yang diketahui adalah terhadap Sam Lokon anggota KNPB,2
Ustaz Abdul Somad Mengacungkan Jari 1 Mendukung Jokowi,2
Memasak Popcorn Dengan Ponsel,2
Bocoran Informasi Penting Valid Pola Kecurangan Sistem Penghitungan Suara KPU Dengan Modus Nomor 01 dan 02,2
Bahaya Semut/Kutu Jepang utk DIABETES.,2
"Waspada, indikasi nyata PKI mulai bangkit",2
"Alinka Humaira Nurhanzah, cucunya ibu Hj. Kesah barusan di culik",2
Hari ini terjadi di Malaka-Malaysia,2
Kuaci Direbus dengan Tulang Babi,2
Tilang CCTV Depok Akan Diterapkan,2
"TERIAK JOKOWI DUA PERIODE, LELAKI INI DIHAJAR WARGA, BONYOK DEHHH…",2
Santriwati ponpes Al-Fattah Temboro dukung Prabowo – Sandi,2
Detik.com Beritakan Ketua Umum PSI Nyatakan Siap Menjadi Menteri Kabinet Kerja Jokowi,2
Ali Mochtar Ngabalin Diserang Stroke Karena Doanya Sendiri,2
telah disahkan UUD LGBT,2
Tulisan Ridwan Kamil : “NIAT BUSUK KUBU SEBELAH SEJAK 2014”,2
Ma’ruf Amin Sebut Memilih Jokowi dengan Dirinya Sama Saja Sudah Mengantongi Tiket Surga,2
HANYA DI TV MNC GRUP ADZAN MAGHRIB DIGANTI IKLAN,2
Munir Dibunuh Setelah Menyatakan Prabowo Tidak Bersalah,2
Rakyat Cina Sudah Mendatangi KPU Surabaya untuk Daftar Sebagai DPT Pemilu,2
SBY suruh coblos nomor 01 @Jokowi Amin,2
whatsapp akan mengumpulkan dana setiap kali gambar dibagikan,2
Prabowo Gunakan Kacamata Google Glass untuk Contek Jawaban di Debat Pilpres Kedua,2
ALAT BANTU PAK DE CANGGIH,2
Terdapat obat bius di daun teh Tiek Kwan Im,2
"Disindir Jokowi, Hotman Paris: Prabowo Rebut Tanah Itu Dari Asing",2
32 rekening milik Presiden Joko Widodo dan Istrinya di 20 bank luar negeri,2
Penularan Difteri Dari Bumbu Cabai Kering yang Terkena Air Seni Tikus,2
"LUHUT : JOKOWI SHALAT JUMAT SAMPAI 4 RAKAAT, PRABOWO KALAH JAUH",2
Prabowo Marah Pada Ulama dan Tokoh Masyarakat di Madura,2
Foto E-KTP milik Warga Cina di Cianjur yang Bernama Guohui Chen yang Disebut Bisa Nyoblos di Pilpres,2
Video Kecelakaan Dua Pelajar Tergilas Bus di Cileungsi Bogor,2
Kedatangan TKA dengan model rambut cepak,2
Pemusnahan babi massal di Thailand,2
"DIBERI DUIT, BAJU DAN MAKAN, TAPI ACARA TETAP SUNYI, RELAWAN JOKOWI HAMPIR BUNUH DIRI",2
Video Kampanye Capres 01 Bahasa Mandarin,2
berhasil meruntuhkan Masjid bukan membangun,2
Imamnya 2 diatas panggung,2
Anak Kecil Bersembunyi di Kolong Meja Saat Bertemu Presiden Joko Widodo,2
BUKTI KECURANGAN JOKOWI BAGI SEMBAKO,2
Gus Sholah Hadiri Gerakan Hizib Nasional dan Deklarasi Dukungan Prabowo-Sandi,2
PKS : 1 MARET HARI POLIGAMI NASIONAL,2
Video Surat Suara Sudah Tercoblos 01 Di Medan,2
TKA cina datang di bandara Kalsel memakai seragam tentara,2
mereka sdh melegalkan kemaksiatan,2
sejak kapan KA ini menuliskan huruf/bahasa China?,2
Atau ini bukti kecintaannya terhadap NKRI harga mati?,2
FB LITE LAGI DI HACK,2
Foto Anak Rohingya Disiksa Komunis,2
Islam tdk boleh ditegakkan,2
Semut Bisa Makan Otak Manusia Dengan Cara Masuk Dari Telinga,2
Selain itu juga ada kolom agama di kosongkan,2
"Pantesan Kampanye 70K0W1 Selalu Sepi, Uang Transport Massa Ditilep Tim Suksesnya Sendiri",2
DOKUMEN NEGARA DIANGKUT KONTAINER BERTULISKAN HURUF CINA,2
Pesawat Pribadi Prabowo Dilarang Mendarat di Bandara Syamsudin Noor Banjarmasin,2
Pasukan asing akan masuk NKRI melindungi warga asing,2
"Program Percetakan Alquran Dihentikan, Mantan Menag ‘Menangis",2
Tenang pak Anies Baswedan kita masih punya medsos,2
dibagikan ke siapa? Kalangan LGBT kah?,2
Din Syamsuddin Mengundurkan Diri Karena Kecewa Jokowi Tak Temui Ulama Uzbekistan dan Xinjiang,2
Turn Back Hoax Dibentuk Bukan Untuk Menangkal Hoax Melainkan Untuk Menaikkan Elektabilitas Jokowi,2
Narkoba dari China Melalui Tiang Pancang Proyek Infrastruktur,2
Prabowo Usia 12 Tahun Kuliah di Amerika Serikat dengan Beasiswa,2
Jika Rezim Komunis Berkuasa Apa daya MUSLIM,2
Jokowi Akan Hapus Pendidikan Agama Islam Jika Terpilih Kembali Jadi Presiden,2
Disdikbud Lampung Tengah Keluarkan Surat kepada Kepala Sekolah agar Mengirim Siswanya untuk Menyambut Kunjungan Presiden Jokowi,2
Orang Jakarta pada canggih euy,2
DENGAN BANGGANYA MEREKA BERANI MEMAKAI SERAGAM MILITERNYA,2
Saling Menyerang Menggunakan “Klaim Mirip,2
UJI COBA TILANG ELEKTRONIK DI JAKARTA BARAT,2
Masukan Persatuan Tunanetra Indonesia Terkait Braile Surat Suara di Jakarta 80% Salah Semua,2
Saat-saat terakhir korban kecelakaan pesawat Ethiopian Airlines Boeing 737 Max-8,2
Mobil 2019 Tetap Jokowi Masuk Got,2
GP Ansor Kota Pekalongan Mengajak Jangan Pilih Caleg Nonmuslim di Dapil X Jateng,2
Info Pembagian Kursi Roda Gratis di Palembang,2
Informasi Kebakaran SPBU Medalem Bojonegoro,2
SURAT PERNYATAAN 20 ORANG LOLOS SELEKSI DI PT PERTAMINA,2
Video Prabowo Subianto nabok tangan pendukungnya sendiri,2
Innalillahi.. Ternyata Presiden Sekarang Sebenarnya Kristen ! Dan Pemerintahan Sekarang Di Kuasai Kristen ! >> Pantas Banyak Kebijakannya Yang Anti Islam !,2
Jeli Memperhatikan Jari Tangan Palsu,2
Terjemahan Surat Al Kafirun dalam Al-Quran Diganti Kata Non-Muslim,2
Perampokan Wanita Oleh Supir Taksi Online di Balikpapan,2
Video modus pembiusan cewek di salah satu wc umum mall di Jakarta,2
Caleg PPP Jadi Korban Kecelakaan Helikopter di Tasikmalaya dengan Membawa Uang Pecahan Rp. 100 ribu Sebanyak Satu Karung,2
Suasana sholat jenazah para korban teroris di new zealand,2
Cuitan Akun Twitter @LiesSugiyarti yang Membahas Pernyataan Sandiaga Uno saat Debat Cawapres,2
umat Islam New Zealand membakar Gereja,2
Poster Launching Pusat Poligami PKS Cikarang Utara,2
oto di Cuitan “Jumlah korban meninggal…” Oleh @pedjoeang_islam,2
homo & lesbi sudah dilindungi hukum & UU,2
Maklumat Masyayikh Ponpes Lirboyo Dukung Prabowo – Sandi,2
Kwik Kian Gie Minta KPK Selidiki Apel Kebangsaan Pemprov Jateng,2
PLN Benar-benar tak punya malu dan etika,2
Cawapres Sandiaga Uno Berfoto dengan Romi yang Berada di Dalam Sel Penjara,2
surat kabar luar negeri memberitakan jokowi tukang ngibul,2
BELUM WAKTUNYA SURAT SUARA PENCOBLOSAN SUDAH BERTEBARAN,2
Pakistan-Day: Pesawat-pesawat PAF menciptakan formasi yang indah dari nama Allah di langit,2
Untuk mengalahkan virus korona adalah mengambil lebih banyak makanan alkali yang berada di atas tingkat pH virus,2
Cina mentargetkan 100 jt penduduk indonesia mati melalui vaksin cina,2
PT Telkom Indonesia Berikan 100GB Data Internet Untuk Pengguna,2
Bank Indonesia Bagi Hadiah Langsung Transfer ke Rekening Pribadi,2
Lingkaran Merah Pada Tabung Gas LPG Berfungsi Sebagai Penanda Kebocoran,2
Waspada Penculikan Anak-Anak Berumur 1-12 Tahun,2
razia yang pakai masker scuba kena swab dan denda,2
Arahan Kapolres Simalungun Meniadakan Perizinan Administrasi Pesta/Hiburan,2
Surat Pemprov Jawa Barat Minta Dana untuk Pengamanan Pilkada 2020,2
"dua orang ini tiba tiba nyobek2 Qur’an dan Kitab dan sejadah di gunting, ketahuan sama santri",2
Pesan Berantai Undian Berhadiah PT Pertamina,2
Surat Edaran MUI tentang Rapid Test bagi Para Tokoh Agama Islam,2
Partai Demokrasi Indonesia Perjuangan Dihuni Gerombolan PKI,2
Surat Gubernur Kaltara Meminta Bantuan Dana Pengamanan Pelaksanaan Pilkada Kaltara 2020,2
Pengumuman Beasiswa Covid-19 Rp4 Juta dari STMIK Royal Kisaran Melalui SMS,2
Selembaran Berisi Informasi Daun Teh Tiek Kwan Im Mengandung Obat Bius,2
Surat Permohonan Dana Pemprov DKI untuk Pengamanan Pilkada 2020,2
PENGUMUMAN RENCANA PEMBLOKIRAN MEDIA SOSIAL OLEH KEMKOMINFO!,2
"Langkah untuk mendaftar Prakerja, Kunjungi situs prakerja[dot]vip",2
Pesan Whatsapp Razia STNK di Seluruh Wilayah Indonesia,2
GELOMBANG KE-3 Kuota Internet Free dari Operator!,2
Tunggakan BPJS Kesehatan Lunas Hanya Dengan Bayar 6 Bulan,2
Rekrutmen Kerja Staf Lab Vaksin oleh RSU Mulia Hati,2
GELOMBANG KE-2 Kuota Internet Free dari Operator sebesar 50 GB,2
Uang Tutup Mulut Rp100 Juta Untuk Keluarga Korban Anggota FPI yang Tewas,2
"Tak dapat Bansos, Keluarga Ilma Kerap Makan Tepung Goreng",2
"Kapolda Metro Jaya pengecut, Dia diburu Komnas HAM untuk diperiksa namun lari dan menolak untuk diperiksa",2
Himbauan Bpk Kapolresta Malang Siapapun yg Bukan Orang Malang klo Ada yg Masuk Ke kota Akan Dikarantina Selama 14 hri,2
Lowongan Kerja PT. Astra Daihatsu Motor,2
Kapolda Metro : Laskar FPI Rampas Pistol Polisi Untuk Tembak Polisi,2
"Konsumsi Campuran Air Kelapa, Jeruk Nipis, Garam dan Madu Dapat Menyembuhkan Covid-19",2
Pendaftaran Relawan COVID-19 di Wisma Atlet,2
Surat Permohonan Dana Bantuan Kegiatan Pembersihan Drainase dan Aliran Kali oleh Sekot Kendari,2
Surat Kepala BKN Tentang Pedoman Pengangkatan Tenaga Honorer Kategori II Formasi TA 2019 & 2020 Menjadi CPNS,2
Surat Perintah Penyidikan KPK Terhadap Menteri BUMN,2
Salam Satu Jempol Jokowi untuk Mendukung Paslon No. 1 Pilkada Malaka 2020,2
Link Untuk Mendapatkan 35 GB Kuota Gratis dari Operator,2
Surat Edaran Ajakan Umat Katolik Untuk Memilih Pasangan Nomor Urut 3 Yohanes Rumpak-Syarifudin pada Pilkada Sintang,2
Pesan WhatsApp Soal Razia Keliling Serempak Se-Jawa Barat,2
Kopi Bisa Cegah dan Sembuhkan Covid-19,2
"Penipuan Model Baru, Format Pengalihan Data dengan Modus Mengirim Pulsa",2
"Perayaan ulang tahun, Alfamart menawarkan Voucher Rp 800.000 untuk semua orang",2
Pemasangan Barcode pada Badan Manusia,2
Gedung Gereja Pos Pelayanan Lembantongoa Dibakar Habis di Sulawesi Tengah,2
"Perayaan Ulang Tahun, Nike Bagi-bagi Hadiah Sepatu, T-Shirt, dan Masker",2
Wakil Wali Kota Probolinggo Meninggal Dunia,2
Pesan Berantai Donor Darah Gratis Oleh Blood For Life (BFL) Indonesia,2
"GRATIS TIKET MASUK! Khusus Pengendara Sepeda Motor TAMAN SAFARI Cisarua Bogor, Indonesia",2
Pekerja dari Tahun 1990-2019 Bisa Tarik Tunai Rp21 Juta dari Bank Indonesia,2
Lowongan Kerja di Transjakarta,2
Rekrutmen Kerja Oleh PT PLN Yogyakarta pada November 2020,2
"Info Lowongan Kerja di Puskesmas Wisma Indah, Bojonegoro Jawa Timur",2
Razia Masker Serentak di Seluruh Wilayah Indonesia dengan Denda Rp250.000,2
Dana Bantuan Pemerintah Rp100 Ribu untuk Pelanggan Setia Telekomunikasi Selular Indonesia,2
Tempurung Kelapa Dapat Mengobati Sakit Gigi Berlubang,2
Surat Permohonan Dana Bantuan Pengamanan Pelaksanaan Pilkada 2020 oleh Gubernur NTB,2
 Zat Fluoride Dalam Pasta Gigi Dapat Menyebabkan Osteosarcoma,2
Siaran Peluncuran Sistem PMB 2021 di Kanal YouTube LTMPT Official,2
Surat Pemberitahuan Pemadaman Listrik di Wilayah Bogor oleh PLN,2
Surat Pengangkatan Tenaga Honorer Menjadi PNS oleh Kementrian Pendayagunaan Aparatur Negara dan Reformasi Birokrasi,2
Indomaret Bagi-Bagi 5.000 Voucher Senilai Rp800.000,2
Formulir Online untuk Banpres Produktif oleh Kementerian Koperasi dan UKM,2
 Informasi Rekrutmen PLN Tingkat SMA/S1 Dibuka hingga 8 November 2020,2
Surat Panggilan Tes Interview oleh PT Provices Indonesia,2
Surat Program Dana Alokasi Khusus oleh Dirjen Perikanan Budidaya KKP,2
Surat Panggilan Wawancara Kerja PT. Lippo Malls Indonesia dengan Biaya Reservasi Tiket,2
Diskopindag Kota Malang Tunjuk Pihak Ketiga untuk Berikan Pinjaman Lunak Tanpa Bunga,2
Info Rekrutmen PT Pertamina (Persero),2
Pertolongan Pertama Pada Stroke Dengan Tusuk Jari,2
Surat Edaran Rekrutmen Karyawan Baru PGN,2
Imbauan BRI Untuk Penerima BPUM,2
Infografis Bawaslu Kepri Tentang Pihak Yang Tidak Boleh Ikut Kampanye,2
Bahaya Menyebarkan Ucapan Selamat Dengan Gambar dan Video,2
Pandemi Telah Berakhir dan Covid-19 Adalah Flu Biasa,2
"Daftar Kartu Prakerja, PT Shell Indonesia Beri Bantuan Senilai Rp600.000",2
Pendataan Imunisasi Covid-19 untuk Tenaga Medis dan Non Medis oleh Dinas Kesehatan Provinsi DKI Jakarta,2
Vaksin COVID-19 Dapat Mengubah DNA Manusia,2
Surat Panggilan Tes Calon Karyawan PT Pertamina Oktober 2020,2
Semua Aktifitas HP Terpantau BSSN,2
Surat Perintah BNPB Terkait Normalisasi Sungai di Sulawesi Tenggara,2
Jus Daun Pepaya Mentah Obat DBD,2
Pesan Berantai Biaya Tilang Baru,2
Daftar 42 Harga Rokok Setelah Kenaikan Tarif Cukai,2
Vaksin Penyebab Autis,2
Bahaya Bertelepon di Dapur Saat Kompor Menyala,2
Surat Pemberitahuan Pengangkatan PNS Tanpa Tes Untuk Honorer,2
Daftar Jajanan Makanan di Kabupaten Bantaeng Yang Terjangkit Virus Hepatitis,2
"Kangkung Mematikan, Pemuda di Solo Meninggal Karena Lintah dalam Kangkung",2
Surat Pengumuman Lelang Jabatan di Kementerian Agama,2
Siaran Pers Sistem Penilaian UTBK 2020 Dari LTMPT,2
Pesan Berantai ‘Telah di temukan mayat di depan skolah SMP N 6 Cirebon’,2
Informasi Lowongan Kerja di Rumah Sakit Islam Jombang,2
 Pesan Undian Berhadiah dari PT Pertamina,2
Orang yang Bergolongan Darah O Lebih Rentan Terinfeksi Virus Corona,2
Virus Corona Mati dalam Suhu 26-27 Derajat dan Saat Terkena Sinar Matahari,2
"Telah diculik Umur anak 5 bulan, Kejadian d Angkot lebak bulus parung Ibunda si bayi dihipnotis",2
PASAR TANAH ABANG DI TUTUP SEMENTARA,2
"Anjuran Mantan Menkes, Jemur Uang di Bawah Sinar Matahari Selama 30 Menit Bisa Cegah Penularan",2
WhatsApp: Hari jadi ke-9 DAPATKAN GRATIS 20 GB,2
Lowongan Kerja Bagi Lulusan SMA/SMK di Satpol PP Surabaya,2
Pemesanan Online Vaksin Covid-19 Sinopharm Melalui E-Commerce,2
Surat Pengangkatan Tenaga Honorer menjadi ASN Tanpa Tes oleh Kemendikbud,2
Undangan Wawancara Kerja Diskominfo Jawa Barat,2
Surat Edaran Gubernur Jelang HUT NTB,2
"Bank BNI, BRI, dan Mandiri Cairkan Dana Hingga 1,2jt Untuk Nasabah",2
Akun Grup Telegram Ternak Uang,2
Telegram Membagikan Voucher Pulsa Gratis Bagi Pengguna Senilai Rp500 Ribu,2
WHO Mengatakan bahwa Menyimpan Ponsel Dekat Kepala dapat Menyebabkan Tumor,2
Pemenang Hadiah Shopee Harus Transfer Rp500.000 sebagai Uang Jaminan,2
Link Mengecek Bantuan Rp500.000 bagi yang Mempunyai E-KTP,2
Sayur Pakis Bisa Menyebabkan Kanker,2
Undangan Psikotes PT. Astra,2
Biden Menyatakan Bahwa Cina Merupakan Negara Unggul dan Tidak Tertandingi,2
Prediksi Akan Ada Bencana Besar di Palopo,2
Subsidi Pulsa Rp250 Ribu dan Kuota 75Gb dari Kemendikbud,2
Lowongan Kerja PT Kereta Api Indonesia,2
 Hadiah Tunai Sebesar Rp185 Juta dari Shopee,2
Peserta Wawancara Pertamina Harus Membayar Biaya Akomodasi,2
Indonesia Dilanda Gelombang Panas,2
Surat Penerimaan Pegawai BNN,2
Lowongan Kerja PT Patra Badak Arun Solusi,2
Hadiah Mobil Toyota Avanza Veloz Dari PT. WhatsApp Indonesia,2
Menghirup Cuka dapat Menyembuhkan Covid-19,2
Peserta Wawancara Kerja Antam Wajib Pesan Tiket Travel di PT. Golden Asia,2
Daftar Minuman Instan yang Dapat Sebabkan Diabetes dan Matikan Sumsum Tulang,2
Kopi Lemon Bermanfaat untuk Diet,2
Minum Air Es Setelah Cuaca Panas Dapat Membuat Pembuluh Darah Pecah,2
Video Ma’ruf Amin Mengucapkan Selamat Natal dengan Mengenakan Kostum Sinterklas,2
Gunung Welirang Jawa Timur Erupsi,2
"Eks Danjen Kopassus Sebut Buzzer Anies Makhluk Pemakan Bangkai, Tukang Fitnah dan Adu Domba",2
Artis Irish Bella Meninggal Dunia,2
KETUA UMUM PDIP MEREKUMENDASIKAN GANJAR MAJU CAPRES 2024 . . UDAH DI PASTIKAN GANJAR PRANOWO PENERUS JOKOWI,2
Gunung Semeru Meletus,2
Akun TikTok Agnes Mo Bagi-bagi Hadiah Akhir Tahun Senilai Rp50 Juta,2
"Pesan Berantai “warga china dikasih kesempatan jadi PNS, padahal rakyat Indonesia sendiri masih banyak nganggur",2
PNS Akan Dihapuskan dan Digantikan dengan Teknologi Kecerdasan Buatan,2
Cuitan Aa Gym terkait Memilih Pemimpin Muslim yang Koruptor,2
Foto Anies Baswedan Calon Presiden 2024 Bersama Petinggi ISIS,2
KPK Berhasil Temukan Aliran Dana Hibah Sebesar 10M di Rumah Anies,2
Video Wanita Tak Bermasker Menolak untuk Duduk Bersebelahan dengan Pria yang Belum Divaksin,2
Terdapat Parasit yang Mematikan di Dalam Vaksin Covid-19,2
Aliansi Dokter Dunia Mengatakan Bahwa Varian Delta Tidak Ada,2
Casino Di Arab Saudi,2
 Jokowi Resmi Tunjuk Ahok Sebagai PLT Gubernur DKI Jakarta,2
Mahkamah Agung Amerika Serikat Telah Membatalkan Vaksinasi Masal,2
Titiek Puspa Meninggal Dunia,2
"Riska Syabila, Mahasiswi Penemu Formula Ajaib Pemutih Badan Tanpa Suntik Kimia dan Alat Kecantikan",2
Bonus Rp 12 Miliar buat team “Garuda” dikejuaraan AFF 2020,2
Makan Sambil Berdiri Menyebabkan Makanan Akan Langsung Masuk Ke Usus,2
Tautan Pengecekan Bantuan Covid-19 Sebesar Rp600.000 bagi Pemilik KTP atau SIM,2
Informasi Rekrutmen Fresh Graduate Telkom Indonesia,2
Kebakaran Kilang Minyak Cilacap Menyebabkan Kelangkaan Minyak,2
OJK Cabut Izin Usaha OVO,2
Pemerintah Akan Suntik Paksa Vaksin Mematikan pada 22 Februari 2022,2
Surat Rekrutmen SDM PKH Tahun 2021 Kemensos,2
Presiden Jokowi Resmi Copot Menag,2
"Uang Pecahan Baru, Selembar 1 Juta",2
Aktor Rano Karno Meninggal Dunia,2
Poster Deklarasi Anies Baswedan dan Ganjar Pranowo Untuk Capres dan Cawapres 2024-2029,2
Momen Sri Mulyani Nge-vlog bareng Presiden Jokowi di KTT G20 Roma,2
Jawa Barat Menggelar Pesta Kemenangan Sebagai Juara Umum PON Papua 2021,2
Video Studio NASA di Luar Angkasa Ditabrak oleh Benda Asing,2
Seorang Anak Meninggal Setelah Divaksinasi Covid-19,2
Lesti Terpilih Menjadi Bupati Cianjur,2
PDIP Usul Penutupan Pesantren Di Seluruh Indonesia,2
Pakar Keuangan Amerika Sebut Pinjol Ramai Peminat di Negara yang Suka Ngutang,2
Kucing Berusia 30 Tahun atau Setara dengan 90 Tahun Umur Manusia,2
Lowongan Kerja Pegawai Baru Bank Indonesia,2
 IPB Mengumumkan Ranking Sayuran Anti Kanker,2
Jokowi Adalah Presiden Pertama yang Menginjakan Kaki di Tanah Papua,2
Minum air es setelah makan membuat perut buncit,2
Pilot Pesawat Maskapai Delta Meninggal setelah Divaksin,2
Bahaya Mengonsumsi Susu dan Pisang Usai Makan Kepiting,2
Situs Pedulilindungiq.com dan Minta Dana Rp1 Juta Untuk Vaksin Covid-19,2
Lowongan Kerja PT Otoritas Jasa Keuangan,2
Ramuan untuk Membersihkan Paru-paru dari Nikotin dan Tar,2
Air Jeruk Nipis dapat Membersihkan Nikotin dari Paru-paru,2
Dana Bantuan Sosial dari Pemerintah Melalui Pertamina Sebesar Rp150 Juta,2
"Innalillahi Wainnalillahi Rajiun! Kabar Duka Eko Patrio Meninggal Dunia, Akibat Kecelakaan Maut",2
Akun Instagram dan Loker PT. Hutama Karya,2
Pendaftaran Pelatihan Bagi Calon Siswa di Panti Sosial Bina Remaja,2
Internet di Indonesia akan Mati Total dari Tanggal 25-30 September,2
Operasi Razia Lalu Lintas di Banjarmasin dalam Rangka Operasi Patuh Intan Pada 21 September 2021,2
Bantuan Rp189 Juta dari Pemerintah Melalui Pertamina,2
Pendaftaran Vaksin Nusantara melalui WhatsApp,2
Email Surat Panggilan Tes Calon Karyawan PT Angkasapura 2,2
Mengonsumsi Labu Kuning Dapat Menyembuhkan Covid-19,2
Surat Edaran Penerima Bantuan Pesantren dari Kementerian Agama,2
WHO Perbaharui KriteriaUsia Pemuda Berusia 18-65 Tahun,2
Susu Kental Manis Tidak Boleh Diseduh dengan Air Panas,2
KPK temukan uang saat geledah rumah SBY,2
Tautan Survei Berhadiah dari Shell untuk Merayakan HUT Ke-130,2
Pengumuman Undian Pemenang Hadiah oleh Shopee,2
Tautan Subsidi Pulsa dan Kuota Kemendikbud Periode Lebaran,2
"Campuran Air Kelapa Muda, Jeruk Nipis dan Garam dapat Menyembuhkan Covid-19",2
Minuman Probiotik Yakult Terbuat dari Sperma Sapi,2
Sambal Bawang Bisa Cegah Covid19,2
Surat Edaran Kompensasi Zona Merah oleh Bupati Temanggung,2
Foto Masuknya Seekor Buaya ke Rumah Warga Saat Banjir di Tanjung Pinang,2
Video Ribuan Jamaah Tanpa Masker Sambut Kedatangan Ustadz Abdul Somad di Tengah Pandemi Covid-19,2
Bill Gates mengatakan dia tidak akan divaksinasi dan CEO Pfizer juga menunda menerima vaksin covid-19,2
Minum Teh Dengan Batang Lada Dapat Sembuhkan Covid-19,2
Link Survei Pendirian Bank Syariah Muhammadiyah,2
Akun Whatsapp Cawabup Tanjabbar Hairan Meminta Sejumlah Uang,2
Ambyaar Pemilik 201kg Sabu Dipetamburan Ternyata Anggota FPI,2
"Kewenangan Memberikan Label Halal Tidak Melalui MUI Lagi, Tapi oleh PT. Surveyor Indonesia",2
Soimah Adakan Giveaway Tahun Baru di Facebook,2
Whatsapp Kasir Indomaret Salah Input Voucher Games,2
Foto Seorang Wanita Asal Amerika Mengundang HRS Untuk Berdiskusi,2
"Judul Artikel “Wagub DKI Bolehkan Warga Jual Terompet untuk Malam Tahun Baru, asalkan Tidak Ditiup”",2
Ustad Adi dan Somad Kaget 3 Pangeran Uni Emirat Arab Rayakan Natal Dengan Paus,2
"Video Siaran Langsung “Kapal Tenggelam, 1 Januari 2021”",2
kesimpulan Rob Oswald: COVID 19 adalah khayalan dan fiktif,2
mulai tanggal 31-12-2020 pukul 06.00 sore sampai dengan tanggal 01-01-2021 akan dilakukan mati lampu total,2
Istora Senayan Dijadikan Tempat Penampungan Pasien Covid-19,2
Vaksin Sinovac Covid-19 yang akan di suntikkan kepada warga hanya untuk kelinci percobaan,2
Video “Mentri agama Yaqut di usir ketika hadir di tanah melayu”,2
Video “BERITA TERBARU HARI INI ~ AKHIRNYA DI PUTUSKAN FPI BUKAN ORMAS TERLARANG”,2
Indonesia Tidak Bergabung ke Aliansi Strategis Militer Islam Sunni Karena Dianggap Merapat ke Komunis China,2
Wakil Wali Kota Surabaya Terpilih Armuji Meninggal Dunia,2
Raja Thailand panggil ulama Islam baca doa tolak bala covid 19,2
Vaksin Sinovac Mengandung Sel Kera Hijau Afrika,2
Tulisan dr. Siti Fadillah terkait Pengobatan Covid-19,2
"Video “POLISI CABANG TIONGKOK, Polisi China Pinda Ke Indonesia”",2
Jokowi Mendapat Gelar AMIRUL KAZZAB,2
Sultan Hassanal Bolkiah akan beli Singapura dan usir etnis China karena menolak Presiden Halimah,2
Halte Palu Arit di Cileungsi,2
Titik Api diam terlihat di Gunung Merapi,2
Hendra kurniawan Anak kandung jie ping (presiden china),2
Pesan Berantai Tautan Kuota Belajar 75GB Berlaku Sampai 10 Januari 2021,2
Wanita Ini B3rhubungan Dengan Seekor Babi Hingga Menghasilkan Anak,2
Inalilahi wainailaihi rojiun Telah meninggal..HRS..Di dalam sel karna kena covid…,2
Pinjaman Dana Bantuan Covid-19 oleh Bupati Pasuruan Irsyad Yusuf,2
vaksin Sinovac disebutkan memberi efek samping pembesaran alat kelamin,2
Hydro Oxy Mouth Freshener Spray Dapat Cegah dan Sembuhkan Virus Covid-19,2
"Penerima perdana suntikan vaksin covid 19 sinovac cina,meninggal dunia",2
Video Mahfud MD Joget Setelah Membubarkan FPI,2
"Terkait Drone China, Prabowo Mengatakan China Adalah Negara Sahabat",2
Video “Mereka lp akn kematian 6 orng.. Mrk melupakan semua itu.. Mrk asyik bersukaria”,2
"Vaksin Bermasalah dan Mengerikan, Disuntik Bisa Menjadi Sakit dan Sekarat",2
Foto Korban Banjir dan Longsor di Tanjungpinang,2
Foto Wanita Asal Australia dengan Sepasang Bayi Kembar,2
stop beli ikan dulu. terkhususnya ikan tongkol dan tembang Karena Ada pexakit Baru sekarang,2
Masjid Istiqlal Tidak Mengadakan Salat Jumat Karena Dikuasai PKI,2
"Presiden PKS, Akhmad Syaikhu Diperiksa KPK Terkait Kasus Suap Izin Rumah Sakit di Cimahi",2
Link Pendaftaran Bantuan UMKM,2
COVID-19 adalah tipuan terbesar yang pernah dilakukan dan hanya flu buruk lainnya,2
sakit mendadak oleh vaksin,2
Baju Fadli Zon Bertuliskan “JUBIR BOKEP,2
Pesan tentang Video ‘Argentina Is Doing It’ yang Dapat Retas Ponsel,2
Video “Okey Batman sudah tiba di Capitol Hill utk bubarin demo”,2
Hanya 13 Ribu Orang di Britania Raya yang Terinfeksi Covid-19 pada Tahun 2020,2
sekarang Nussa Rarra dilarang diproduksi,2
Jawa-Bali Lockdown pada Tanggal 11-25 Januari 2021,2
"Innalilahi, Penerima Vaksin Perdana Meninggal Dunia Usai Disuntik Pfizer",2
Ternyata VAKSIN Yg Akan Di Suntikan Ke Jokowi Berbeda,2
Wakil Presiden Amerika Serikat Mike Pence Ditangkap saat Massa Memasuki Gedung Capitol,2
Anies Ngumpet Pura-Pura Positif Corona,2
Aturan Baru Facebook yang Menggunakan Data Pribadi Pemilik Akun,2
"Video “antri Pemakaman Covid-19 di Tegal Alur,JKT. Hidup antri, mau dikuburpun antri.”",2
KABAR DARI INDIA: MELAWAN CORONA DENGAN MENGHIRUP UAP AIR PANAS….,2
Risma Joget Tanpa Menggunakan Masker,2
Detik-Detik Jatuhnya Pesawat Sriwijaya Air SJ 182,2
"Rizieq Shihab Surati Jokowi, Minta Kasusnya Dihentikan",2
Tiongkok dan Luhut Pandjaitan Merencanakan Pembunuhan Massal Terhadap Pribumi dengan 40 Ribu Ton Alat Tes Covid-19,2
21% Pasien Mengalami Efek Samping Setelah Memakai Vaksin Moderna,2
Setengah Karyawan BTC Pangkalpinang Positif Covid-19,2
Pesan Berantai Rekrutmen Relawan Untuk Merawat Pasien Covid 19 di Wisma Atlet Oleh Dokter Irna,2
Proses pengangkatan badan pesawat Sriwijaya air SJ 182,2
Detik detik di dalam pesawat sebelum meledak dan jatuh #pesawatjatuh #pesawatsriwijaya #sriwijayaairsj182,2
"ARTIKEL “TENDANG JEFF BEZOS, ELON MUSK KINI ORANG TERKAYA DI DUNIA BERKAT VTUBE”",2
"pdip menolak dng tegas hukuman mati bagi koruptor, dengan alasan semua koruptor adalah teman sehidup semati mereka…",2
Video Temuan Barang dan Puing Kecelakaan Pesawat Sriwijaya SJ182,2
Rizieq Shihab Sakit yang Tidak Normal Karena Diracuni,2
Foto Bayi Selamat Dari Kecelakaan Pesawat Sriwijaya,2
Video Anggota FPI Lakukan Penggerebekan,2
Terapi Uap Panas dan Minyak Kayu Putih Dapat Membunuh Virus Corona,2
Presiden Terpilih AS Joe Bidden Mundur Karena Alasan Kesehatan,2
Razia Anak Tidak Bermasker Akan Dikarantina,2
Jokowi Kejang dan Meninggal Dunia setelah Disuntik Vaksin,2
Rekaman sebelum pesawat sriwijaya air jatuh,2
Pesan Whatsapp Undangan Rakernas Peningkatan Kinerja Tenaga Kesehatan oleh Dinkes DKI,2
Agnez Mo Bagi-Bagi Hadiah Berupa Uang Tunai,2
Video Pilot Pesawat Sriwijaya Air SJ182 Bernyanyi dengan Lagu Terakhirnya,2
Jokowi Menggunakan Vaksin Buatan Eropa,2
Video Evakuasi Bawah Laut Pesawat Sriwijaya Air SJ 182,2
Rakyat Aceh menolak vaksin covid19 karena menurut para ulama Aceh itu haram,2
Pesan Whatsapp Tentang Informasi Saham oleh Ustadz Yusuf Mansur,2
Kemasan vaksin Sinovac ga pake ampulan Didalam box vaksin sudah ada spuit khusus yg sdh ada vaksin nya,2
Obat Covid-19 dari Asap Batok Kelapa,2
"Jika Sudah Disuntik Vaksin Covid-19, Tidak Perlu Mematuhi Protokol Kesehatan",2
Ditolak Menaiki Pesawat Karena Terlibat Demo di Capitall Hill,2
Pesan Berantai Info Donor Plasma Oleh Blood For Life Indonesia,2
Potongan Video Banjir “Dengan harapan kita semua yang berada di Kalimantan Selatan air lekas surut,2
Surat Elektronik Rekrutmen Karyawan PT Paragon Pratama Teknologi,2
Kronologi Syekh Ali Jabar Wafat 2 jam sebelum beliau wafat tak disangka ternyata karna vaksin ini??,2
Emirates Airlines Sanksi Pilot “Moneem Saheb Tabaa” yang Tolak Terbangkan Pesawat ke Israel,2
Video Suasana di Dalam Pesawat Sriwijaya Air SJ 182,2
Ketua Fraksi PDIP saja ga mau di vaksin,2
Jakarta Zona Hitam,2
Jalan Terputus di Sendana Akibat Gempa Majene,2
Pesan Berantai Tautan Subsidi Kuota Belajar Gelombang Pertama 2021,2
Baim Wong Adakan Bagi-bagi Hadiah Sebesar Rp50.000.000,2
Video Bill Gates Rapat dengan CIA Mengenai Vaksin Pada Tahun 2005,2
Video Puluhan Santri Pingsan Setelah Vaksin Covid-19 Sinovac,2
Video Gunung Semeru di Lumajang Keluarkan Lahar Dingin,2
Video Jatuhnya Pesawat Indonesia,2
Jenazah Gempa di Mamuju Dibungkus dengan Daun Pisang,2
Setelah disuntik vaksin pingsan tak sadarkan diri,2
Video Astronot Australia Lompat dari Pesawat Ruang Angkasa,2
Kasdim 0817 Gresik Mayor Sugeng Riyadi meninggal akibat disuntik vaksin,2
Merokok Bisa Menghadang Virus Corona,2
Vaksin covid-19 itu telah bermutasi menjadi ribuan covid-19 baru di seluruh dunia,2
Pembagian Masker Gratis Dicampur Obat Bius,2
Foto Garda Nasional yang Mengamankan Acara Pelantikan Joe Biden,2
Cairan nya Masih Utuh Udah di Cabut Aaaja Mao Bohongin Rakyat Hadehhh,2
Potongan Video “Banjir Kalimantan Selatan #PrayForKalsel banyak sapi warga yang terhanyut”,2
"Bantuan Pulsa Sebesar Rp200 Ribu untuk Guru, Dosen, dan Pelajar",2
Gelang Power Balance Dapat Menyembuhkan Corona,2
Obat COVID-19 Dexamethasone Lebih Murah dari Harga Vaksin COVID-19,2
Ijazah SMA Jokowi Palsu,2
Razia Masker Serentak di Seluruh Indonesia Dengan Denda Rp250 Ribu,2
Wilalung Demak Lur Minta Doa,2
undian Resmi Kantor Shopee Rp175 Juta,2
Esemka akhirnya berekspansi besar-besaran dalam proyek antariksa,2
"Akan Ada Gempa Lebih Besar dan Tsunami, BMKG Minta Masyarakat Keluar dari Mamuju",2
Eric tohir sang missionaris chip covid-19,2
"Pernyataan IDI Terkait Aspartame dalam Minuman Instan Sebabkan Kanker, Diabetes, dan Pengerasan Sumsum Tulang Belakang",2
TV Nasional Belum Siarkan Berita Terkait Banjir yang Melanda Kalsel,2
Pesan Berantai Sinyal Internet Dihentikan pada Pukul 18.00-20.00 dan Semua Aktifitas HP dipantau,2
5 cara utk meningkatkan ANTI BODY” dari Regu Pembasmi Covid-19,2
Video “Tolongin kita” Google Earth Pulau Laki,2
Video Pemakaman Syeikh Ali Jaber,2
Foto Banjir di Kalimantan Selatan,2
Gambar artikel REPUBLIKA tentang Daftar Bumbu Masak/Makanan Mengandung Babi,2
Surat Tugas dan Surat Edaran KPK di Wilayah Papua,2
Olimpiade Tokyo 2021 DIBATALKAN,2
*#21# cara cek hp disadap,2
Julio Iglesias meninggal karena covid19,2
Tangkapan layar Gus Milos saat dihubungi pihak Metro TV yang memberikan bantuan bagi korban banjir,2
Foto “anak korban vaksinasi covid”,2
Menag Yaqut Tidak Lagi Anggarkan Dana untuk Pesantren,2
Indonesia Tidak Dapat Menggugat Jika Vaksin Bermasalah,2
Steak Berbahan Dasar Kotoran Manusia dari Jepang,2
Ada 32 hotel di Jakarta untuk ISOLASI MANDIRI yang biayanya Ditanggung Pemerintah,2
Ketua BPOM Ditekan dan Diancam Untuk Keluarkan Vaksin Sinovac,2
Badanmu akan terlihat seperti ini jika kamu beruntung tetap hidup setelah tersambar petir,2
Surat Pengangkatan Tenaga Honorer dari Menteri PANRB,2
Foto Pemerintahan Biden Mengibarkan Bendera Rusia,2
VAKSINASI PRESIDEN HARUS DIULANG DAN HATI-HATI DENGAN VAKSINASI,2
Tangkapan Layar Video CNN Memberitakan Rakyat akan dibunuh oleh Vaksin dari Tiongkok,2
Diagram Chip 5G pada Vaksin Covid-19,2
"Jokowi Bukan Disuntik Vaksin, Melainkan Suntik Vitamin",2
Bayi katak,2
Gubernur Anies Baswedan Mengecat Rumah Warga untuk Antisipasi Banjir,2
Bank Indonesia Cetak Uang 300 Triliyun,2
Lianhua Qingwen Dapat Digunakan Sebagai Obat Covid-19,2
Akun Facebook dan Website Xiaomi Indonesia,2
Tautan Bantuan Sosial Finansial Rp3.550.000 untuk Pekerja tahun 2000-2021,2
Foto Fadli Zon Memberikan Bantuan Handphone Kepada Mahasiswi Yang Kurang Mampu,2
Nomor Palsu Satgas Covid-19 Beredar di Whatsapp,2
pengawal biden sekarang dari pasukan Cina…,2
Berkumur dengan Air Hangat dan Air Garam Dapat Menghilangkan Virus Corona,2
Fenomena langka matahari Manidharshana,2
Minum Air Kelapa Sebagai Penangkal Racun Usai Divaksin,2
bahwa michelle obama dulunya adalah seorang transgender?,2
Kumham Hapus Sanksi Pidana setelah Anak Buah Megawati Tolak Vaksin,2
Joe Biden menggunakan Massonic Illuminaty Bible(kitab setan) dlm sumpahnya mnjdi presiden,2
Undian Resmi Whatsapp Rp175 Juta,2
Gambar Kondisi Rizieq Shihab Makin Kritis dan Sedang Dibimbing Bacaan Ayat Suci Al-Quran,2
"Karena Disuntik Vaksin, Dokter di Palembang Meninggal",2
"Kartel Narkoba Lolos, Presiden Filipina Beri Peringatan pada Jokowi",2
Anies Pastikan Tolak Utang Luar Negeri Jika Pimpinan RI,2
Satu2nya negara yg tidak ada COVID19-nya TANZANIA. Mereka gak pernah adakan Rapid Test n PCR kepada penduduknya,2
Erdogan bangun 70.000 pemukiman elit,2
Video detik detik kecelakaan motor dan Kereta Api pada 28 Januari 2021 di Sukoharjo,2
Surat Laporan Kasus Korupsi Anies Baswedan yang Dihilangkan KPK RI Ditemukan,2
Pesan Berantai “Paradox vaksin”,2
"test Ge Nose C19, Mudah n murah. Rp 15 rb, 10 detik, akurasi 99,9%. Gak hrs swab, gak hrs diambil darah",2
Anies Raih Piala Lomba Mewarnai,2
Video “Anda Harus Tahu Kebenaran ada Jarum Suntik/Spuit Palsu Dipersiapkan untuk Para Pemimpin Dunia”,2
"Video “Cawapres USA Kamala Harris disuntik va*sin disiarkan live di TV, Sadarlah Kebohongan sedang di lancarkan”",2
Video “Viralkan ini kelakuan perempuan laknat thd pembatu”,2
SMS Berhadiah Cek Rp35.000.000 Dari BRI,2
Pramugari Pesawat SJ182 Menangis Karena Firasat Sebelum Pesawat Jatuh,2
Dua Kekasih Tidak Lepas Berpelukan Setelah Berhubungan Intim di Jalan,2
"Anak 10 Bulan Ikut Ditahan, Akibat Sang Ibu Ketahuan Mencuri",2
Gereja Haramkan Vaksin kok MUI Halalkan Vaksin?,2
SMS Berhadiah 100 Juta Dari Telkomsel,2
Foto Aung San Suu Kyi Berhadapan dengan Pasukan Militer,2
Video Dua Orang Psikopat Memaksa Seorang Pria Memakan Sup Berisi Daging dan Usus Istrinya Sendiri Dari Deep Web,2
Foto Satelit Retakan Bawah Laut Akibat Gempa Sulbar,2
Ramuan Penangkal Covid-19 oleh Kemenkes,2
Sinyal SOS Berarti “Save Our Soul” oleh Korban Sriwijaya Air SJ-182 di Pulau Laki,2
Foto “contoh anak Raja salman arab yg kuliah di amerika”,2
5 Tahun Indonesia Merdeka Baru Di Zaman Jokowi Lah Sumatera Mempunyai Jalan Tol,2
Bantuan Covid-19 untuk Pemilik SIM A dan C oleh Asuransi Jasa Raharja,2
TAKTIK BARU SCAMMER” Melalui Status Whatsapp,2
WhatsApp Dikenai Biaya setelah Diakuisisi oleh Facebook,2
"Pasca KTT G20 di Bali, Indonesia Tambah Utang Baru Rp314 Triliun",2
Mantan Wakil Presiden RI Try Sutrisno Meninggal Dunia,2
UJI COBA KERETA CEPAT JAKARTA-BANDUNG KELUAR DARI RELNYA DAN MEMAKAN KORBAN PEKERJA TERLUKA,2
"Piala Dunia 2022 Dimulai, Mualaf di Qatar Bertambah 558 Orang",2
kabel tegangan tinggi bisa menjangkau ke Otak melalui Ear Phones Bluetooth,2
Cara Mendeteksi Kehamilan Dengan Menggunakan Air Urine dan Garam,2
Sindrom Stiff-Person yang Diderita Penyanyi Celine Dion Disebabkan Vaksin Pfizer,2
Surat Pemberitahuan Terkait Pemberian Bantuan Akhir Tahun 2022 Oleh Kementerian Agama,2
Lowongan Pekerjaan Trans Jakarta,2
Surat Penggalangan Dana Oleh Dinas Sosial Provinsi Jawa Timur,2
Pernyataan CEO Pfizer: “Saya Mengundurkan Diri dan Vaksin mRNA Belum Terbukti Aman,2
Air Kelapa Dapat Mempengaruhi Jenis Kelamin Dalam Janin,2
Lowongan Kerja Departemen Sumber Daya Manusia (SDM) Shopee,2
KERA-KERA TURUN KE DAERAH DAGO ATAU LEMBANG,2
Orang yg berdiri diantara SOEKARNO dan Pangsar SOEDIRMAN itu KAKEK Anies Baswedan,2
"Sampel Darah yang Tidak Sehat, Mengental Setelah Vaksin",2
Virus Covid-19 Sengaja Dikembangkan dan Ditingkatkan Kemampuannya,2
Elon Musk Mengimbau Warga AS Untuk Memilih Partai Republican,2
Giveaway Baim Wong Senilai Rp100 Juta,2
Biadab nya China Komunis Inilah yg terjadi dengan Saudara² Kita Muslim Uyghur,2
ORMAS DAPAT DUIT DARI INFAQ,2
Gangguan Ginjal Akut Misterius Pada Anak Disebabkan Oleh Vaksin Covid-19,2
Di Jerman Orang yang Sudah Divaksin Dilarang Membeli dan Mengendarai Mobil,2
Gencarnya kristenisasi Kampung Palalangon Cianjur,2
"Di Cianjur, Muhammad Imran Pakai Nama Depan Aloysius",2
Perubahan Biaya Transaksi Bank BCA,2
"JUARA YG SATU INI SOK NKRI, TAPI ACUNGKAN SYAL BENDERA LGBT",2
Kadrun adalah sebutan PKI tahun 1960an pada umat Islam sebagai musuhnya,2
Surat Sosialisasi SINTA Versi 3 Oleh Ditjen Diktiristek Kemendikbudristek,2
Pesan WhatsApp Giveaway Ria Ricis 50 Juta,2
Pesan WhatsApp Dana Bantuan Pertamina Sebesar Rp100 Juta,2
Pengumuman Panggilan Calon Karyawan Perum Bulog,2
Pesan Whatsapp Menawarkan Pinjaman Online Oleh Ponpes Al Falah Sumber Malang Situbondo,2
Demo Memprotes Kecurangan Hasil Pemilu di Brasilia pada 12 November 2022,2
Putri Esmat Al-Dowleh Lambang Kecantikan Persia pada Abad ke-19 dan Menyebabkan Banyak Pemuda Bunuh Diri karena Ditolak Cintanya,2
Varian baru covid hanya berbahaya untuk yang divaksin,2
SULTAN HAMENGKUBUWONO: CINA DAN KETURUNANNYA TIDAK PANTAS JADI PEMIMPIN DI BUMI NUSANTARA,2
Presiden Jokowi Memberikan Penganugerahan Gelar Pahlawan Nasional Kepada Alm Jenderal TNI Soeharto,2
"Covid-19 Subvarian XBB berbeda, mematikan dan tidak mudah terdeteksi dengan baik",2
Foto Banjir Jakarta di Masa Pemerintahan Heru Budi Hartono,2
Foto Anies Baswedan Berdiri di Luar Tempat Makan Siang G20,2
George Floyd Meninggal Karena Overdosis,2
Mandi Air Hujan Supaya Cepat Punya Anak,2
Mengunyah Kulit Pohon Jambu Mete Biasa Menetralisir Racun Gigitan Ular,2
Bisnis Vaksin PMK dan Efek Shedding penyakit PMK dari Hewan Menular ke Manusia,2
Imam Besar Kadrun Yang Baru Rojack Al Garong,2
"Tautan Penerima BLT UMKM Bulan Januari 2022 Sebesar Rp1,2 Juta",2
Gambar Anies membaca buku “101 cara ngeles”,2
Tes Warna Sepatu untuk Menentukan Sisi Otak yang Dominan,2
Foto Rudal Balistik Buatan Indonesia Diangkut truk,2
"Mata Uang Baru Yang Dikeluarkan BI, Koin Seratus Ribu Rupiah",2
Video Pasangan Sesama Jenis Pamer Buku Nikah,2
Peringatan Gempa Bumi Berkekuatan 8-9 SR pada 1 hingga 3 Januari 2022 karena Persilangan Posisi Planet,2
Wanita Bercadar Masuk ke Teras Gereja dan Menaruh Sebuah Tas di Pot Bunga,2
Foto Minuman dari Kotoran Domba dan Kambing di China,2
Foto Patung Buddha Bamiyan di Awal 1900-an,2
Foto Rumah Abad Pertengahan di Perancis yang Dibangun Tahun 1509,2
Kebiadaban Myanmar terhadap ummat Islam tidak bisa dimaafkan,2
Huruf Braille di Setir Mobil untuk Mengetahui Letak Klakson,2
MUI Tidak Boleh Mengeluarkan Sertifikat Halal ke Makanan dan Minuman,2
"Salah Satu Pemain Menggunakan Doping, Timnas Thailand Didiskualifikasi dari Piala AFF",2
Donasi Kembalian Konsumen Minimarket Disumbangkan Ke Badan Sosial GKI,2
China Meluncurkan Matahari Buatan,2
"Innalillahi kabar duka kebakaran, artis meninggal banyak yang membaca ,dan shere sedangkan Masjid Meledak Saat Waktu Sholat Jumat, Sebanyak 67 Jamaah Meninggal Dunia, Semoga Husnol Khotimah Aminn",2
Giveaway Kedas Beauty Senilai Rp175 Juta,2
Kita akan mengalami cuaca yang dingin melebihi cuaca dingin sebelumnya karena fenomena aphelion,2
Burger yang Diproduksi oleh McDonald’s Mengandung Ammonia Hydroxide,2
Selebgram Rio Ramadhan Meninggal Dunia,2
Cristiano Ronaldo Keturunan Bali,2
Sumur Resapan Makan Korban,2
NASA Mempekerjakan 24 Teolog untuk Memeriksa Reaksi Masyarakat terhadap Penemuan Alien,2
Video Penduduk Aborigin di Australia Menyambut Pemerintah dengan Busur dan Panah sebagai Bentuk Penolakan Vaksin Covid-19,2
Tunggul Pohon Silicon Raksasa Yang Ada Ribuan Tahun Lalu,2
Warga Korea Selatan yang Belum Vaksin Dilarang Mengikuti Pemilihan Presiden,2
REKRUTMEN PENERIMAAN PEGAWAI PEMERINTAH NON PEGAWAI NEGERI KOMISI PEMILIHAN UMUM TAHUN 2022,2
Lowongan Kerja PT. Sido Muncul Tbk,2
Wali Kota Baubau Meninggal Dunia,2
Benda Logam Menempel pada Lengan setelah divaksin,2
emerintah New Zealand Mengizinkan Euthanasia Secara Spesifik bagi Pasien COVID-19,2
Foto Wanita Mengenakan Kaos Berisi Tulisan Umpatan Untuk Anies,2
"Tiket MotoGP Mandalika Sudah Ludes, Kalau Formula E APBDnya Yang Sudah Ludes",2
WHO Mengatakan Vaksinasi di Seluruh Dunia Harus Dihentikan,2
Membersihkan Vagina dengan Pasta Gigi untuk Menghilangkan Keputihan dan Membuat Vagina Kesat,2
CDC Mengumumkan Tes PCR Tidak Mampu Membedakan Virus SARS-Cov-2 dan Influenza,2
Kisah Mengharukan Thomas Alva Edison,2
"Ditetapkan Sebagai Kota Injil, Manokwari Larang Perempuan Berhijab, Adzan, dan Pembangunan Masjid",2
Peresmian jembatan di samarinda,2
Foto Beras Bansos Bercampur Batu,2
"Seorang gadis asal Arab Saudi meninggal dunia, setelah berhasil menghafal 30 juz Alquran",2
"Video Harimau di Cisaga, Ciamis",2
Terjadi Aksi Penculikan anak di Cianjur,2
Putri Bungsu Annisa Trihapsari Meninggal Dunia,2
Vaksin mRNA Sebabkan Kematian Pada Lansia,2
Kuesioner Berhadiah dalam Rangka Perayaan HUT Toyota Ke-80,2
Islam Meniru Kebudayaan Lain Dalam Simbol Bulan Bintang,2
Ternyata Kisah Upin dan Ipin Benar-benar Nyata Bukan Fiktif Belaka,2
Telah Muncul Varian Baru Corona Bernama “Florona”,2
Atlet Tenis Dalila Jakupovic Mengalami Kesulitan Bernapas saat Babak Kualifikasi Australia Open karena Vaksin Covid-19,2
Mengatasi Maag dan Asam Lambung dengan Totok Kaki,2
Informasi Lowongan Pekerjaan Mengatasnamakan BRI,2
Paus Fransiskus akan Mengganti Alkitab dengan “Biblia 2000”,2
Jasa dan Biaya Pembuatan SIM Online,2
Video Tsunami di Tonga pada 15 Januari 2022,2
Foto Jalan Rusak dan Masjid Rubuh karena Gempa Banten 2022 dan Jakarta,2
Login ke Facebook Wajib Gunakan Sertifikat Vaksin,2
Penyanyi Dangdut Cita Citata Meninggal Dunia,2
Surat Pemanggilan Seleksi Karyawan PT KAI 2022,2
Adam Sandler Meninggal Karena Tenggelam,2
Kipas Angin Listrik yang Diletakkan di Dahi Dapat Menghilangkan Virus,2
Video Protes Melawan Tirani Covid-19 di Belanda,2
Viagra Dapat Menyembuhkan Covid-19,2
Pasien Covid-19 Tanpa Gejala Berarti Sehat dan Mendapatkan Hasil Test Positif Palsu,2
"Tsunami Melanda Darwin, Australia Akhir Desember 2021",2
Kedinkes Semarang Menyebar Undangan Rapat Kerja Peningkatan Kinerja Tenaga Kesehatan via WhatsApp,2
Jus Daun Pepaya Dapat Menyembuhkan DBD,2
Foto Protes Kebijakan Pensiunan di Paris Januari 2022,2
"Akun WhatsApp Camat Rappocini, Syahruddin, Menawarkan Cicilan Mobil",2
Tukul Arwana Meninggal Dunia,2
Surat Penunjukan Penyedia Barang/Jasa Kementerian Kesehatan Republik Indonesia Tahun 2022,2
Gambar Danau Berbentuk Hati di Zimbabwe,2
Foto Asteroid Melintasi Bumi pada bulan Desember 2021,2
Vitamin D3 Blackmores Mengandung Graphene Oxide,2
Video Kendaraan Bersenjata Tentara Pakistan Dilempari Batu Oleh Warga Balochistan,2
ideo Anies Baswedan “Alhamdulillah blio kgak mati klelep…”,2
TMII sebelum dan sesudah di ambil alih dan dikelola oleh Pemerintah.,2
Warga Korea Selatan yang Belum Vaksin Tidak Dapat Mengikuti Pemilu,2
Bubuk Jahe Dapat Menyembuhkan Infeksi Varian Omicron,2
"Avicii, Chester Bennington, Anthony Bourdain dan Chris Cornell Bunuh Diri Ketika Terlibat dalam Pembuatan Film “The Silent Children”",2
"Razia STNK, Kendaraan yang Terlambat Membayar Pajak akan Dikandangkan",2
Kecelakaan Truk Rem Blong Di Balikpapan Terjadi Tanggal 21 dan Korban Meninggal 21 Orang,2
Video Seekor Macan Tutul Mengasuh Bayi Impala,2
Cuci Ginjal dengan Rebusan Daun Seledri,2
Gambar Kaca Indomaret Pecah karena Pembeli Minyak Murah,2
Ubedilah: Penanganan Banjir Era Anies Jauh Lebih Sistematik dan Terarah ke rumah masing masing warga,2
Bill Gates akan Menarik Semua Peredaran Vaksin Covid-19,2
Loker Dinas Pendidikan Kabupaten Gresik Januari Tahun 2022,2
Video 90% Alat Tes Covid-19 Palsu dan Tidak Berfungsi,2
Video Letusan Gunung Berapi Tonga,2
Jasa Pembuatan Sertifikat Vaksin Tanpa Harus Melakukan Vaksinasi,2
Surat Edaran Bawaslu Jatim Perihal Undangan Sosialisasi dan Tindak Lanjut Putusan MA oleh KPUD Jember,2
polisi cina kok di indonesia,2
Akun Whatsapp Bupati Bondowoso Salwa Arifin “+62 831-3686-3124,2
Meteor Jatuh di Wilayah Indonesia Pada Tanggal 7 Mei 2022,2
Foto Ratu Mongolia Terakhir Sebelum Dieksekusi Tahun 1938,2
Video Satelit India Bertabrakan dengan Stasiun Luar Angkasa Internasional,2
Pria Misterius dari Dimensi Lain,2
Pesan Berantai Resep Obat COVID-19,2
Kabar Mahathir Muhammad Meninggal,2
Bahaya Makan Cokelat setelah Makan Mie,2
Arab Saudi Kucurkan Dana Hibah 5 Triliun Ke Indonesia,2
shabu2 dari cina,2
Gambar Bangkai Kapal Pharaoh dari Kisah Pengejaran Nabi Musa,2
Minuman White Koffie Mengandung Babi,2
ideo Taliban Menghancurkan Telepon Genggam Menggunakan Kaki,2
Foto CT Scan Pasien Penderita Claustrophobia,2
Surat Pengangkatan Guru Honorer Tahun 2022,2
Undangan Rapat Kerja oleh Direktur Utama RSCM,2
"Penawaran Pencairan Dana Bantuan 1,2 Juta Bulan Januari – Februari 2022",2
Mengonsumsi Kopi Pahit Dapat Mengatasi Varian Omicron,2
Luhut dan pak mahfud tidak divaksin dengan alasan usia,2
TKChina nyamar jadi gojek gak bisa pulang ke tempat persembunyiannya,2
raja Bahrain dikawal robot,2
Tautan Hadiah dari DANA Sebesar Rp250 Ribu Hingga Rp1 Juta untuk 300 Orang,2
Malas Kencing Malam Menyebabkan Sakit Jantung,2
Microsoft Mengembangkan Implan Chip Mikro Untuk Mengumpulkan Informasi Vaksin COVID-19,2
#StopVaccineForTheKids Apa urgensinya?,2
Omicron Tidak Mematikan,2
Polisi Singkawang Gunakan Bahasa China saat Sosialisasi ke Warga,2
Reporter Bernama Mursal Meninggal setelah Mengungkap Skandal Limbah Minyak Goreng,2
"Gambar “Sebut pemerintah biadab, Edy Mulyadi langsung dijemput paksa aparat”",2
Sri Sultan Hamengku Buwono X Mengganggap Covid 19 Sandiwara di Bumi NKRI,2
"Pesantren Alquran Terbakar, 26 Santri Dan Dua Guru Tewas Terpanggang",2
Razia Masker dengan Denda Rp250 Ribu di Seluruh Indonesia,2
Raja Salman Meninggal Dunia,2
Atlet Rugby Jordan Michallet Meninggal karena Vaksin Covid-19,2
Pendaftaran CPNS 2022 Berbayar dan Kuota Terbatas,2
Corona Hanya Flu Musiman,2
Penyuntikan Vaksin Kosong di Semarang,2
"HARI RAYA IMLEK, HADIR & BERKERUMUN TANPA PROKES sdh diCONTOHkan oleh Jokowi",2
Memukul Telapak Kaki Orang yang Tersengat Listrik Sebagai Pertolongan Pertama,2
"Siap-siap Suntik Vaksin Dosis Ketiga, Tak Punya Kartu BPJS Kesehatan Wajib Bayar",2
"Demonstran di Israel tiba2 kepalanya terbakar mengeluarkan asap putih dari mata, hidung, mulut dan telinga",2
seorang ayah di Texas membunuh seorang pria karena memperkosa putrinya yang berusia 5 tahun,2
"Bantuan Sosial Kemensos untuk Dosen, Guru, Siswa, dan Mahasiswa",2
Foto Demodex yang Hidup di Bulu Mata,2
Foto Dampak Abu Vulkanik di Tonga,2
"Menikahi 5 Suami😱, Wanita Ini Mengaku Bahagia🥰 Melayani Setiap Malam Secara Bergiliran, Hingga Bingung Siapa Bapak dari Anaknya",2
Sebuah Koran Menyebut Bill Gates Melakukan Depopulasi Melalui Pemaksaan Vaksinasi,2
"Joni Mitchell, Paul McCartney, Willie Nelson, Bruce Springsteen, Barbra Streisand, Queen, The Rolling Stones, Dave Grohl dan Pearl Jam Menarik Lagu-Lagunya dari Spotify",2
Pembagian Masker Gratis yang Diberi Obat Bius ke Rumah-Rumah Warga,2
"Nigeria, Minggu 23-01-2022, menghancurkan jutaan Vaksin Covid19 demi melindungi rakyatnya dari kematian akibat Suntikan Vaksin Covid19",2
Air Rebusan Pare Dapat Membersihkan Kolesterol dan Semua Penyakit,2
Video Kemunculan UFO di Bandung,2
Video Detik-Detik Erupsi Gunung Anak Krakatau,2
Lowongan Pekerjaan Kantor Dinas Pendidikan Kota Malang,2
Supir Truk Kecelakaan Di Balikpapan Dihukum Mati,2
"Dzalim, Cara Vaksin Model Baru Anti Omicron",2
Foto Lampion untuk Perayaan Imlek Saat Pandemi Covid-19,2
Perdana Menteri Israel Benjamin Netanyahu: Cara Membunuh Orang Islam,2
5G Dapat Mengganggu Keamanan Penerbangan yang Berarti Juga Berbahaya Bagi Kesehatan Manusia,2
Sinar UV di Indonesia Sebagai Tameng Omicron,2
bentuk Bebek dan tikus jika DNA nya di gabungkan,2
Kartu Nikah Kementrian Agama RI dengan Empat Foto Istri,2
Bahaya Racun dari Nasi yang dimasak dengan Magiccom,2
Ariel Noah Meninggal Dunia,2
Omicron Bukanlah Virus Melainkan Akibat Dari Keracunan Chemtrail Yang Disebar Di Udara,2
Video Warga Berhamburan Dampak Gempa Banten 4 Februari 2022,2
"arbershop dengan tukang cukur wanita di Jalan Pratu Rai Madra, Kabupaten Badung, Bali",2
Cerita One Piece Baru 9 persen Karena One Piece Akan Mencapai 10.000 Episode,2
Campuran Daun Pepaya dan Jahe Dapat Sembuhkan Omicron,2
Cairan Pemutih Dan Sitrun Dapat Membersihkan Kerak Membandel,2
Covid-19 Hoax Karena Narasinya Sudah Ada Sebelum Covid-19 Muncul,2
Vaksin Booster Menyebabkan Manusia Bertingkah Seperti Zombie,2
Aplikasi Android untuk Scan Vaksin Covid-19 yang Terhubung Jaringan 5G,2
Hindari ! Produk Ini Bisa Menyebabkan Usus Bocor,2
"Pada Tanggal 29 & 30 Februari, Akan Diadakan Pengisian BBM Gratis di SPBU",2
Kartu BPJS Atau KIS Akan Dinonaktifkan Jika Tidak Digunakan Selama Setahun Terakhir,2
Sendok untuk Medical Check Up,2
"Pilpres 2024 Dibatalkan Rakyat, Jokowi Kembali Diangkat Jadi Presiden",2
Akun Facebook Bupati Sambas “Hsatono Ssos” Menawarkan Lolos CPNS Tanpa Tes,2
Ular Mampu Memprediksi Gempa,2
Terlihat Korban Covid-19 Tergeletak di Jalanan Ternyata Hanya Akting Belaka,2
"Akun Twitter Mandiri Care, @CsMANDIRICARE",2
Panggilan Interview Kerja Diskominfo Jabar,2
Mayoritas Penduduk Dunia Belum Divaksin Covid-19,2
Pidato Henry Kissinger Sebut Vaksin adalah Alat Pengendali Populasi,2
Garam dan Air Kelapa dapat Hilangkan Vaksin di Dalam Tubuh,2
Makanan Kaleng Mengandung Virus HIV Aids,2
"Gambar artikel Kompas Berjudul “Kapolda Jateng : Kami menahan 64 orang aksi radikalis anarkis warga Wadas purworejo, yang ganggu proyek PT. Beijing Xi Wen”",2
Seorang Petugas PLN di Nguling Pasuran Tersetrum dan Terbakar di Tiang Listrik,2
"Diadakan penertiban makam di TPU Karet Bivak, Jakarta Pusat",2
Ashanty Meninggal Dunia,2
"Guru cantik (33) p3rkos4 siswanya (16) berkali-kali Dirumah, dimobil dan ditempat parkir. Bahkan sempat membuat video. Siswa masih polos, orang tua melapor tidak terima.",2
Bentuk Virus Omicron Seperti Lambang Nazi,2
Imam Masjid di Arab Saudi Dijatuhkan Secara Paksa Karena Mengkritik Pemerintah,2
Pengantin Di Ghana Wajib Menggunakan Pakaian Pernikahan Saat Bercerai,2
Lagu MICHAEL JACKSON yang memuji kebesaran Agama Islam,2
BPJS Kesehatan Berikan Dana Bantuan Rp100 Juta,2
Video Situasi Terkini Terkait Krisis Antara Rusia dan Ukraina,2
Asap Putih dari Pesawat Merupakan Chemtrail Senjata Biologis Berbahaya,2
Bahasa Korea Telah Diadopsi Sebagai Bahasa Resmi Perserikatan Bangsa-Bangsa (PBB),2
Radiasi 5G Menyebabkan Gelaja Mirip Flu,2
"Artikel Tribunnews berjudul “Peneliti Jepang Ingatkan Indonesia,Bahaya Ngutang Terus Ke China,Bisa Seperti Negara Di Benua Afrika”",2
Fenomena Langka Manusia Siluman,2
Pemerintahan Joe Biden Memberikan 30 Juta Dollar Untuk Pipa Kokain kepada Komunitas Kulit Hitam di Amerika Serikat,2
Anies Resmi Ditahan KPK,2
Video Tanggul Kali Pemali Brebes Jebol pada 13 Februari 2022,2
Lowongan Dinas Pendidikan Kota Bogor,2
Gambar Desa Terbengkalai di Skotlandia,2
Prancis menangkap seorang anak Mali dan mengencinginya di depan umum,2
Video Pasien Meninggal 15 Menit setelah Divaksin,2
Burung Elang Mampu Hidup Hingga 70 Tahun,2
Bencana Alam Tanah Longsor di Wilayah Lebakbarang Menimbulkan 5 Korban Jiwa,2
Surat Edaran Kementerian Koordinator Perekonomian Republik Indonesia untuk Sponsorship Penerbitan Buku,2
Antibodi Covid-19 Membuat ASI Berubah Warna,2
HRS Membawa Kertas Bertuliskan “Happy Valentine Virza”,2
Video Habib Umar Terbang Saat Berdoa,2
"Munarman Dijemput Allah, Petinggi FP1 Berkurang Lagi",2
Portal Berita Daily Mirror Menyebarluaskan Informasi Bahwa Penggunaan Mainan Seks Meningkatkan Resiko Serangan Jantung Bagi Wanita,2
KFC Menulis Cuitan Dengan Gambar Ayam Goreng dan Tagar #BlackHistoryMonth,2
Menggunakan Obat Bius setelah Vaksin Covid 19 sebabkan Kematian,2
"angan Panik, Seseorang yang Terinfeksi Covid-19 Varian Omicron Dapat Sembuh Setelah Mengonsumsi Paracetamol 500 mg, Vitamin C 1000 mg, dan Vitamin D3 1000 IU",2
"Dr. Gupta mengatakan “Tidak seorang pun boleh mati karena kanker, kecuali karena pengabaian",2
Kepala IKN Nusantara Adalah Anies Baswedan Supaya Tidak Jadi Presiden,2
MS Glow Indonesia Bagikan Uang Tunai Tanpa Diundi,2
"pihak PLN korupsi, boros, harap perhatikan ini isi token 50.000 yang masuk cuma 3.600",2
suami istri tewas gantung diri di Jembatan Sungai Kalundang,2
berkat pendekatan Jokowi Rusia akhirnya menarik pasukannya dari perbatasan Ukraina,2
Grup Telegram “BADAN KOORDINASI PENANAMAN MODAL”,2
Hadiah promosi aplikasi Pos Indonesia!,2
Deteksi Covid 19 dengan Tahan Napas 10 Detik,2
Ngeri #perangduniake3 #russia #ukraina,2
Video Wanita di Palembang Hidup lagi Setelah di Kubur,2
Video Manusia Tertua Di Dunia yang Berumur 163 Tahun,2
Ketua Umum AJI Mendukung Pembubaran FPI,2
Imigran Ilegal di Amerika Serikat Mendapatkan Kebebasan Lebih Untuk Akses Jaminan Kesehatan dan Hak Memilih Pada 2022,2
Tautan Hadiah Senilai Rp2 Juta oleh Pos Indonesia,2
"Nunung Meninggal Dunia, Usai Alami Kecelakaan Maut",2
Wanita yang viral karena bagi-bagi uang 100 juta dari balkon ternyata dulunya adalah seorang kasir mall.,2
Akun Twitter Permata Bank ‘@permataBank05’,2
Manusia Lumba-Lumba Hasil Persilangan Lumba-Lumba Dan Wanita Asal Jepang,2
Akun Telegram Bareksa Investasi,2
Akun Telegram BRI Danareksa Sekuritas,2
"Vaksin Covid 19 Tidak Berguna, karena Bermutasi menjadi Ribuan Varian Covid Baru",2
Anjuran Ahli Virologi Agar Penerima Vaksin Dosis Ketiga Tes HIV Karena Vaksin Covid Menyebabkan HIV,2
Kajol Devgan Meninggal Dunia,2
Waspada Dengan Bandara Kertajati Subang Jawa Barat !!,2
Butiran Es Hasil Fenomena Hujan Es Dapat Meningkatkan Imunitas Tubuh,2
Lowongan Pekerjaan Staff Vaksinasi Booster Dinas Kesehatan Provinsi Jawa Barat,2
Melakukan Tes PCR Sama Dengan Mendapatkan Vaksinasi,2
Antigen Test Kits Tidak Dapat Diandalkan untuk Mendeteksi Covid-19,2
Jokowi: saya tidak berminat tiga periode kecuali dipaksa rakyat,2
PERANG RUSIA-UKRAINA PECAH PEMERINTAH AJAK MASYARAKAT IKUT WAJIB MILITER GUNA ANTISIPASI PERANG DUNIA KE-3,2
Bambang Pamungkas Meninggal Dunia,2
Chemtrail Gempur Jakarta pada 14 Februari Pukul 1 Tengah Malam,2
"Jus Campuran Nanas, Lobak Dan Kemiri Dapat Menyembuhkan Asam Urat",2
Serangan Bom Molotov Terhadap Tank2 Rusia Oleh Warga Kiev,2
Link Program Kuota Belajar Kemendikbud,2
Jokowi dan Sejumlah Menteri Berkumpul Tanpa Menggunakan Masker,2
Alfamart Beri Hadiah 100 Kemasan Minyak Goreng 1kg di Ultah yang ke-22,2
"Sepasang suami istri terpidana mati di Bali beragama hindu, ketika diadili didandani layaknya umat islam",2
Bikhu Tertua asal Vietnam 399th,2
ANAK VESPA UKRAINABANTU TENTARA PENERJUN RUSIAYANG PARASUT NYA NYANGKUT,2
Innalillahi Wainna Ilaihirojiun😭😭😭Tepat Hari Ini 1 Maret 2022 Ariel Noah Meninggal Dunia Setelah Mengalami Kecelakaan Maut😭😭😭,2
Video Ledakan “Ukraina vs Rusia”,2
Sutradara Asal Ukraina Membuat Video Warga Berlarian untuk Menunjukkan Rusia Menargetkan Warga Sipil,2
Pesawat Kargo China Yang Mendarat di Bandara Soetta Tanpa Izin Ternyata Menyebarkan Chemtrail,2
Video Gambaran Serangan Rusia ke Ukraina,2
Video Ledakan Invasi Rusia ke Ukraina pada Tahun 2022,2
Seekor Ayam Memiliki Penis Mirip Seperti Penis Manusia,2
Pesan Undangan Psikotes PT Astra,2
Ilmuwan Jerman Mengumumkan bahwa Berkumur dengan Air Garam dapat Menghilangkan Virus Covid-19,2
Foto Sapi Bertelur untuk Mempercepat Produksi Telur dari Pemerintah China,2
Artikel Polisi Babak Belur Dihajar Masa,2
Puluhan Umat Kristiani di Ukraina Berdoa di Tengah Jalan Bersalju di Tengah Konflik Ukraina – Rusia Tahun Ini,2
Video Pertempuran Pesawat Ukraina dan Pesawat Rusia,2
Perdana Menteri India mengatakan Islam adalah Racun Kemudian Meninggal,2
"Warga Minang Tolak dan Kembalikan Bantuan Menag Yaqut Rp 2,35 M untuk Gempa Pasaman Barat",2
Covid 19 Meningkat hanya Saat Ibadah Umat Islam,2
Video Pesawat Rusia terbang di Ukraina,2
Pemerintah Indonesia Mewajibkan Pria Dewasa Berpoligami untuk Mengurangi Janda,2
Dele Alli Resmi Bergabung Ke Persib,2
Bantuan Sosial Rp600.000 Bagi Pemilik E-KTP Yang Belum Mendapatkan Bantuan #dirumahaja,2
Video “Junjungan banser melarang adzan”,2
Surat Pemberitahuan KPK tentang Pemblokiran Rekening,2
Gemparkan Dunia! Akibat Peran Indonesia Akhirnya Rusia Dan Ukraina Damai,2
Video “Indonesia mengirim bantuan Rudal Ballistrik ke Rusia”,2
Perayaan HUT ke-50 Bimoli!,2
Foto Tangkapan Layar Akun Twitter @BPJSKesehatanRI Yang Mengatakan Ukraina Wajib Gabung BPJS Kesehatan Apabila Ingin Dibantu Indonesia,2
Ketika Dikejar Buaya Kita Harus Berlari Zigzag,2
Lowongan Dokter Pribadi Full Timer untuk Kepala BNPB,2
Detik Detik Presiden Jokowi Tiba Kunjungi Kelahiran Baby Ameena,2
Giveaway Ayu Ting Ting 500 Ribu dan Handphone Untuk 400 Orang,2
Kulit Bayi Baru Lahir Melepuh Karena Ibu Vaksin Covid-19 Saat Hamil,2
"Subhanallah! Tepat Jumat Semalam ,Ternyata Aktor Laga Yang Terkenal JACKIE CHAN. Sudah Resmi Memeluk Agama ISLAM... Lihat Buktinya Disini...",2
Jokowi bebaskan H R S dan langsung dibawa ke istana untuk dilantik jadi Menag gantikan Yaqut,2
Giveaway RANS Entertainment 5 juta untuk 500 orang,2
Video amatir perang Rusia vs Ukraina,2
Protes di Depan Gedung Putih Sebagai Bentuk Dukungan kepada Ukraina,2
Foto Serangan Udara yang Menunjukkan Serangan Invasi Rusia di Ukraina 24 Februari Lalu,2
Ancaman Balik Vladimir Putin Untuk FIFA,2
Foto Kecelakaan Truk Pengangkut Rudal yang Dikirim Indonesia untuk Rusia,2
Batu Malin Kundang Efek Anak Durhaka,2
Link untuk Mengecek Undian BRI,2
Kamala Harris Menertawakan Pertanyaan Tentang Pengungsi Ukraina,2
Video Kereta Mengangkut Kendaraan Militer NATO Menuju Ukraina,2
Video Pesawat Menyemprotkan Zat Yang Dapat Membuat Orang Sakit Tenggorokan dan Demam,2
Link untuk Mendaftar PKH,2
Bocah Perempuan 5Tahun Di Cabuli 7 Orang Yg Mengaku Dirinya CEBONG Di Grup Pendukung Anies Baswedan,2
Surat Edaran Pengangkatan Tenaga Honorer Menjadi CPNS Tanpa Tes Oleh Kementerian Pendidikan Kebudayaan Direktorat Jenderal Guru dan Tenaga Kependidikan,2
"Menag Yaqut: Saya Pastikan Pembangunan KIBLAT Yang Baru Untuk Umat Islam Nusantara, Akan Segera Di Bangun Dan Kami Sudah Bekerjasama dgn pemerintahan China, Dan Lokasi Pembangunan nya Bertempat Di China",2
Saking Bencinya Menag & Islam Nusantara Terhadapa Arab Sampai Logo Halal Yg tadinya Pakai Huruf Arab pun di ganti Dgn Gambar Wayang,2
Artis Senior ‘NIA DANIATI’ Meninggal Dunia Akibat Kecelakaan Mobil,2
Gambar ” Jokowi menghadang tank sendirian di kerusuhan ukraina”,2
Dokumen Pelunasan Hutang dan Dana Hibah dari Kesultanan Buton Kepada Perancis,2
Pria Asal Solo Meninggal Dunia Akibat Memakan Kangkung Berisi Lintah,2
St. Louis Arch Menyalakan Lampu Biru dan Kuning Sebagai Bentuk Dukungan kepada Ukraina,2
"Anak-anak disuntik dgn zat bius dan akan diekspor ke Thailand, mereka akan dibunuh untuk diambil organnya",2
Kain Sarung Atlas Edisi Atlas Idaman Harmoni Bermotif Anjing,2
Gamblang! Putin Jelaskan secara Logis Nubuat Nabi Muhammad,2
pendamping untuk Sertifikasi Halal dalam suatu UMKM itu syaratnya harus GP ANSHOR,2
Polisi Uganda Menyerang Reporter Karena Memberikan Pertanyaan yang Tidak Relevan,2
Arab Saudi Tidak Mewajibkan Masker untuk Jamaah Masjidil Haram dan Masjid Nabawi serta Akan Menyediakan Asuransi Kesehatan,2
Bentuk Logo Halal Buatan Kemenag Terinspirasi Dari Penutup Kepala Uskup,2
Suara Auman Raksasa di Aceh Pukul 5 Pagi,2
"TERANG BENDERANG…! Rusia Bongkar Eksperimen Covid Di Lab AS Ukraina, Siti Fadilah: Sudah Bukan Konspirasi! Kejahatan Pasti Terungkap!",2
Pengobatan Tumor Ganas/ Kanker CELL CURE RS Gatot Subroto Jakarta,2
Foto Anak Kecil Di Tengah Puing-Puing Bangunan Dalam Invasi Rusia ke Ukraina,2
Email dari Amazon Berisi Pengumuman Pemberian Kartu Hadiah Senilai 500 Dolar,2
Jet tempur Siluman NATO versus Rudal Rusia,2
Lagi macet Di Rampok pakai pistol/senjata api di pasar ikan Penjaringan Jakarta Utara,2
Mulai Awal Maret Kominfo Akan Unregistrasi Kartu Paket Jika Tidak Ada Aktivitas Internet 1×24 Jam,2
Presiden Putin Peringati Jokowi Agar Tidak Ikut Campur Masalah Rusia dengan Ukraina,2
detik detik babi ngepet berubah jadi manusia tertangkap warga,2
Innalillahi Wainna Ilaihirojiun😭😭😭Tepat Hari Ini 7 Maret 2022 Ayu Ting Ting Meninggal Dunia Setelah Mengalami Kecelakaan Maut😭😭😭,2
Akun Lesti Kejora Bagi Bagi Giveaway,2
Jokowi Melarang Umat Islam Berkerumun di Masjid Apalagi Saat Idul Fitri,2
"Mohon Doa Nya Kawan'' Selasa Pagi ,Innalillahi Wainna Ilaihi Raji'un, Tri Suaka Dan Rekan Nya Meninggal Akibat Kecelakaan",2
"Minyak ASRI seakan akan Islami, padahal minyak goreng produk LEONG HUP ini terbuat dari minyak babi",2
"Innalilahi Ya Allah...😭😭, Kabar Duka Dari Raffi Ahmad Mengalami Kecelakaan Usai Pulang syuting, Mohon Do'anya Semoga Beliau Diterima Disisih Allah,Amin",2
"Video “Tolak Resolusi P.BB, Ukra1na Ancm Tarik Kemerdekaan Indonesia”",2
"Video “Jangan membiasakan anak Anda bermain HP, sangat berbahaya bisa terinfeksi radiasi HP dan bisa membutakan",2
"Masjid Meledak di kota Narayanganj, Bangladesh Memakan korban 50 Jamaah",2
Seorang Nenek yang Memegang Kucing Mengacungkan Jari Tengah kepada Tentara Russia,2
Akun Karir PT Jasa Raharja,2
Menteri Pekerjaan Umum Mongolia Membakar Diri,2
Banjir Air Mata Tentara Ukraina Peluk Pasangan Sebelum Berangkat Perang,2
Membedong Bayi Dapat Membuat Tulang Belakang Bayi Semakin Kuat Dan Rangka Tubuh Sempurna,2
"KEMENTERIAN KESEHATAN UKRAINA: 57 MATI, 169 TERLUKA DI SELURUH UKRAINA KARENA SERANGAN RUSIA",2
Indro Warkop Meninggal Dunia,2
Akun Telegram FBS Investasi Harian,2
Video Menunjukkan ‘Wanita Plastik Pertama’ Dibuat Oleh Cina,2
Informasi Pengangkatan PPPK Tanpa Tes,2
Sule Meninggal Dunia,2
Video Mayat Propaganda NATO di Ukraina yang Sedang Merokok,2
Baim Wong Meninggal Dunia,2
Pemeran Mr. Bean Masuk Islam,2
Harimau Berkeliaran Di Perkebunan Sawit Di Riau,2
Siti Nurhaliza Meninggal Dunia,2
Cara Mengecek Minyak Goreng Limbah,2
Jokowi: Terlalu banyak peraturan kita pusing sendiri jadi stres,2
Elon Musk Menghapus Akun Twitter Greta Thunberg pada 9 Maret 2023,2
Jenazah Ferdy Sambo Dipulangkan ke Jakarta Usai Jalani Eksekusi Mati,2
Ayah Brigadir J Ditahan Usai Hina Kapolri,2
Gelombang Tinggi Lenyapkan Kota di Indonesia,2
JADI BURONAN KPK !! SRI MULYANI KABUR KE LUAR NEGERI TAKUT DI PENJARA,2
Surat Tilang APK,2
Pertama Kali Indonesia Berikan Status Kewarganegaraan Ganda,2
Banyak Orang Meninggal Akibat Memakan Ikan yang Terkontaminasi HIV,2
Tukul Arwana Meninggal Saat Dilarikan ke Rumah Sakit,2
Cerita Reinkarnasi Pelaut Wanita Bernama Renahhta Moe,2
Kuburan Ferdy Sambo Keluar Api dan Ular,2
Ferdy Sambo Teriak Ngamuk Tak Terima Dihukum Mati,2
NEGERI JIRAN UNDANG CHINA️ TNI KEPUNG AUSTRALIA DARI SEGALA ARAH,2
Presiden Jokowi Pecat Kapolri Listyo Sigit,2
PENYANYI JUSTIN BIEBER DIKABARKAN MENINGGAL DUNIA,2
"RIBUAN MASSA GERUDUK KEMENKEU, TUNTUT SRI MULYANI MUNDUR DARI JABATAN",2
Aliando Meninggal karena kecelakaan maut,2
MOBIL HAKIM DIBAKAR AKIBAT TUNDA PEMILU 2024,2
DETIK-DETIK KEBAKARAN PERTAMINA PLUMPANG,2
"Harry Tanoesoedibjo Dimiskinkan, Korupsinya Mencapai 72 Triliun Rupiah",2
Prabowo Bawa Ribuan Pasukan Tuntut Istana Tolak Penundaan Pemilu,2
Bunga Kitolod dapat Mengobati Gangguan Mata Mulai dari Mata Minus hingga Katarak,2
Video Warga Cina Melarikan Diri ke Vietnam Saat Perbatasan Cina-Vietnam Dibuka,2
Air Nanas Panas dapat Membunuh Sel Kanker,2
Putri Candrawati Mengakhiri Hidup di Penjara,2
CEO Pfizer Batal ke Luar Negeri Karena Belum Divaksinasi Lengkap,2
Foto Banyak Orang Mengantre Sampai Ada yang Pingsan untuk Beli Jam Jepang di Mall Grand Indonesia,2
Video Virus Virtex Dikirim Melalui Whatsapp,2
Ahok Dalang Kebakaran Plumpang,2
"DEMOKRAT TOLAK DEKLARASI ANIES, NASDEM DAN PKS MERADANG",2
LAGU MAWAR BODAS DIMAINKAN OLEH ALEXANDRA DOVGAN,2
Rusia Serang Brazil Karena Carnival Satanic,2
Video Korban Kebakaran Pertamina Penuh Duka Dan Air Mata,2
gunung Merapi meletus di pulau Jawa,2
Desakan Dunia agar China Menyerah ke Indonesia,2
JOKOWI UMUMKAN CALON PENGGANTI KETUA KPK,2
HADIAH KAPAL PERANG RUSIA UNTUK FILIPINA,2
Jokowi Berjanji : 1 Periode Lagi Seluruh Hutang Negara Indonesia Akan Lunas,2
Rumah Ahok Jadi Sasaran Pembakaran Warga Plumpang,2
Putin Perintahkan Peluncuran Nuklir ke Amerika,2
Pesan WhatsApp Undangan Rapat Kinerja Tenaga Kesehatan Dinkes Provinsi DKI Jakarta Maret 2023,2
Surat Ketetapan Keberangkatan Haji (SKKH) Tahun 2023,2
Surat Penerima Dana Bantuan Oleh DItjen Bimas Islam Kemenag RI,2
Gunung Merapi Alami Erupsi 73 Kali Letusan,2
Hakim Jaksa Jatuhi Hukuman Mati Pada Putri Candrawati,2
Putri Candrawati dan Sambo Dibawa ke RS Jiwa karena Mengalami Depresi,2
AS Ancam Warganya Jika Tolak Ikut Perang Melawan Rusia,2
Warga AS Salahkan Pemerintahan Biden atas Konflik dengan Rusia,2
PJ Heru Hampir Tak Tertolong Karena Dikeroyok Massa di Depan Balaikota,2
Megawati saya sudah Jelas masuk surga malaikat kenal sama bapak saya Soekarno,2
AHOK resmi jadi ketua KPK menggantikan Firly,2
Ganjar saya dari kecil hobi nonton film porno sampai lupa makan,2
Ziarah di Makkah dan Madinah dihentikan mulai 7 Maret sampai Hari Raya Idul Fitri,2
Lowongan Kerja Petugas Haji Tahun 2023,2
Video Ferdy Sambo Dipindahkan Ke Nusakambangan,2
PEMAKAMAN FERDY SAMBO DISAKSIKAN JUTAAN ORANG,2
"Pura Saraswati, Bali, Indonesia di pusat Ubud",2
AKIBAT ULAH SENDIRI !! SUGIK NUR DIHAJAR TEMAN SATU SEL HINGGA BABAK BELUR BEGINI,2
"JUTAAN SANTRI TURUN GUNUNG, DESSAK CAK NUN SEGERA DI TANGKAP",2
Indra Bekti Ungkap Alasan Cerai Dengan Aldilla Jelita,2
Pidato Hillary Clinton di India: ‘Saatnya Melarang Penggunaan Uang Tunai untuk Melawan Perubahan Iklim,2
"MAHFUD MD ENDUS KONGKALIKONG FIRLI & ANIS, PANTAS FORMULA E TIDAK DIUSUT",2
TANGIS SBY PECAH SEKETIKA !! MENDENGAR HARRY T UNGKAP PERAN YANG SEBENARNYA !!,2
Anies Baswedan Dekat Dengan Aliran Krsiten Sesat Alpha Omega di Papua,2
Hakim Wahyu Iman Santoso Alami Kecelakaan Tunggal Usai Vonis Mati Ferdy Sambo,2
GAMBAR MEGAWATI DAN PUAN BERMAIN SLOT,2
JONATHAN LATUMAHINA SEORANG NASRANI DAN PENYUSUP DI ORMAS ISLAM,2
PESAN WHATSAPP DARI BMKG YANG KABARKAN GUNUNG SINABUNG MELETUS,2
"PDI-P Diblacklist dari Peserta Pilpres, Tak Bisa Usung Capres",2
Ari Lasso Meninggal Dunia Akibat Mengidap Penyakit,2
Richard Eliezer Hadiri Pemakaman Ferdy Sambo,2
Foto Presiden Joe Biden dan Volodymyr Zelenskyy Bergandengan Tangan,2
Video Salju Turun Pertama Kali Dalam 100 Tahun di Arab Saudi pada Februari 2023,2
SEPATU MATA-MATA PERANG DUNIA II,2
"Dari sepatu yang dipakai oleh para Ibu dan Bapak Pejabat ini, dimanakah masing2 sepatu yang sebelahnya lagi?",2
"BANJIR DI DAERAH KOJA, TANJUNG PRIOK",2
ANIES AKUI SUAP FIRLI BAHURI AGAR NAMANYA BERSIH,2
Tawaran kerja sampingan,2
Jepang Meluncurkan Investigasi Resmi Terhadap Jutaan Kematian Akibat Vaksin COVID,2
"Kembali Bertugas di Brimob, Bharada E Nyatakan Perang Lawan Geng Ferdy Sambo",2
Foto UFO Datang Dari Langit ke Tanah Turki,2
"Ahok Ditunjuk Jadi Ketua KPK, Tikus – Tikus Berdasi Gemetaran",2
Video Seorang Murid di Amerika Serikat yang Menodong Pistol ke Gurunya,2
Awan Hitam Besar Muncul Sebelum Kecelakaan Kereta di Ohio Tahun 2023,2
Pesan WhatsApp Giveaway dari TRANS7,2
Gunung Semeru Terbelah Menjadi Dua,2
Upacara Penyambutan Kembali Bharada E ke Brimob,2
Ferdy Sambo Babak Belur Saat Kabur dari Sidang Kode Etik Bharada Eliezer,2
Seorang Sultan Angkat Nono Menjadi Anak,2
SYOK! Putri Langsung Pingsan Usai Majelis Hakim Jatuhkan Vonis Hukuman 20 Tahun Penjara,2
Ahmad Dani Meninggal Dunia,2
"AKHIRNYA SBY AKUI KORUPSINYA, KPK DI MINTA JANGAN SERET IBAS ATAS DOSA-DOSANYA",2
JOKO WIDODO TUNJUK MAHFUD MD JADI KETUA KPK,2
BARADHA E LANGSUNG NAIK PANGKAT DAN DIBERI HADIAH OLEH KAPOLRI LISTYO SIGIT,2
Jepang Mengirimkan Tumpukan Kertas Origami Bangau ke Turki Setelah Gempa Bumi,2
"Anies Baswedan Tersangka Kasus Korupsi Formula E dan Bansos, Heru Budi Serahkan Bukti Akurat Korupsi ke KPK",2
Video Patahan Kerak Bumi Setelah Gempa Turki,2
Video Amatir Rekam Detik – Detik Gedung di Turki Ambruk akibat Gempa,2
Ferdy Sambo Nekat Akhiri Hidup dengan Gantung Diri,2
Akun WhatsApp Rekan Kerja Dari Wakil Gubernur Jawa Tengah Taj Yasin Maimoen,2
Pesan Whatsapp Pengembalian Barang Retur dan File Foto Apk yang Mengatasnamakan JNE,2
Semua Harta Kekayaan Ferdy Sambo Disita Aparat,2
Hakim Tolak Ajukan Banding FS dan PC,2
"LELAH DIFITN4H, NEKAT.! BUNDA CORLA PERLIHATKAN BADAN & KEL4MIN DIRINYA PEREMPUAN",2
"IGUN LANGSUNG TERBANG KE JERMAN JENGUK BUNDA CORLA, DUKUN JERMAN SEBUT SAKIT BUNDA CORLA TAK BIASA.!",2
DRIVER OJOL MENINGGAL AKIBAT VAKSIN COVID-19,2
ANJING ASAL INDONESIA IKUT SELAMATKAN KORBAN GEMPA TURKI,2
KELOMPOK ANTI LGBTQ DILARANG BELI STARBUCKS,2
Nono Meninggal Dunia,2
Amanda Manopo Mengalami Kecelakaan,2
Prabowo Subianto Meninggal Dunia Karena Tenggelam,2
ANANG NEKAT CERAIKAN AHSYANTY DEMI MEMBELA KD,2
Golkar Resmi Gabung Koalisi Anies sejak Januari 2023,2
Pinjaman Online Kospin Jasa Melalui Pesan Whatsapp,2
Indochina pada Truk Southern Hauliers Merupakan Sebutan untuk Indonesia dan China,2
Pesan Whatsapp Mengatasnamakan Beacukai,2
Video Anak-Anak di Afrika Meninggal Akibat Suntik Vaksin Covid-19,2
Video Sambo Dan Istri Dieksekusi Di Lembah Kematian Nusakambangan,2
Demonstran Bergerak Menuju Rumah Megawati,2
VIDEO TANGGUL BRANTAS DI WILAYAH DRIYOREJO GRESIK JEBOL,2
JALANKAN PERINTAH JOKOWI!!JUTAAN DEMONSTRAN NGAMUK MINTA UNI EROPA DI BUBARKAN GARA² INI,2
NYAWA TERANCAM !! PASUKAN ELIT TNI MULAI BERGERAK BIIKIN XII JINPING JADI BEGINI,2
"RESMI MENIKAH DENGAN RULLY PILOT, DEWI PERSIK KAGET SAAT PARA MANTAN SUAMI HADIRI PESTA PERNIKAHAN",2
"HABIS SABAR.! IGUN PANGGIL NIKITA MALAM INI, TUNJUKKAN BUKTI TRANSFER DAN PASSPORT BUNDA CORLA DEBAT.",2
AKHIRNYA.! RAFFI AHMAD DATANGI HOTMAN PARIS SORE INI GIDEON TENGKER TAK DPT HARTA KRN INI MAMA RIETA,2
Gempa Magnitude 10.4 Hancurkan Maluku,2
SALAH LAWAN.! DEPE PERMALUKAN FARHAT – KETAKUTAN FARHAT MINTA MAAF KE BUNDA CORLA – LAPOR BALIK.,2
Gisella Anastasia dan Gading Marteen Resmi Rujuk,2
"DENSU KAGET.! SORE INI ZANZABELLA TUNJUKKAN 3 BUKTI JAHAT NIKITA MIRZANI, BUNDA CORLA DENNY SUMARGO.",2
Tessa Kaunang Ungkap Kekasih Dewi Persik Telantarkan Anak,2
1387 Warga Indonesia Tewas Akibat Guncangan Gempa di 4 Wilayah,2
"IGUN DAN RUBEN JENGUK BUNDA CORLA KE JERMAN, ALHAMDULILLAH BUNDA CORLA SUDAH SEMBUH.!!!",2
IBU RIHANAH MASIH BERBOHONG.! NORMA RISMA TERPAKSA TUNJUKKAN VIDEO 5YUR IBU DAN MANTAN SUAMINYA.,2
Gelombang Dahsyat Menghancurkan Laut Selatan Jabar-DIJ,2
NIKMIR AUTO PUCAT.! SUAMI BUNDA CORLA ASAL PRANCIS TIBA DI INDONESIA BALIKIN 100JT NIKITA MIRZANI.,2
Muzdalifah Mantan Istri Nazar Meninggal Saat Menunaikan Ibadah Haji,2
PKI Anggarkan 5 Triliun untuk Jokowi 3 Periode,2
Raul Lemos Ungkap Krisdayanti Berselingkuh,2
"VIDEO “SRI MULYANI MERADANG, UANG FIRLI DIRAMPAS!!”",2
Tentara Bayaran Australia Ditangkap TNI,2
Jokowi Perintahkan Tembak Sambo Yang Hendak Melarikan Diri,2
Video Bharada E Dipindah ke Nusakambangan,2
Ajinomoto Bisa Memutihkan Wajah,2
Lesti Kejora Meninggal Februari 2023,2
10 Kota di Indonesia Hancur Total Akibat Gempa Bumi,2
Gempa Bumi Mengguncang Banten Ratusan Orang Tewas,2
Suteng Asisten Anang Hermansyah Menerima Uang Sogokan Dari KD,2
Indonesia Ambil Alih Wilayah China,2
Gambar Tangkapan Layar Artikel “Menteri yaqut pikir-pikir dulu soal sholat Jumat pindah di hari Sabtu”,2
Dewi Persik Tampar Farhat Abbas,2
Tanaman Berbuah Telur Ayam,2
BCL Meninggal Tadi Pagi Pukul 04:52 WIB,2
Jokowi Tunjuk Langsung Mahfud MD Sebagai Ketua KPK,2
Gambar Konsep Sabuk Pengaman Mobil Era 1960-an,2
Pesan WhatsApp Direktorat Jenderal Pajak,2
Masjid-masjid mewah dan megah di Pakistan dirusak massa untuk dijual batanya serta besinya untuk kebutuhan makan umatnya,2
Ibu Bharada E Menemui Presiden Jokowi,2
Sandiaga Uno Bongkar Sifat Buruk Anies,2
Gambar Mahasiswa Indonesia Terima Penghargaan Nobel Kedokteran Atas Penemuan Obat Diabetes,2
Flyer Penerimaan CPNS Kementerian Pertahanan 2023,2
Video Rekaman CCTV Gempa 7.5 SR Turki (6 Februari 2023) di Salah Satu Hotel Ternama Turki,2
VIDEO “IBU BRIGADIR J AKAN EKSEKUSI SENDIRI FERDY SAMBO”,2
"Belum Sampai Dua Bulan Menikah, Kaesang dan Erina Tempuh Meja Hijau",2
Suramadu Macet Total Sambut Anies Baswedan,2
Retakan Semangka Akibat Kandungan Bahan Kimia,2
SURYA PALOH DICULIK PENDUKUNG ANIES,2
Video Jokowi Pecat Hakim yang Terbukti Terima Suap dari Sambo,2
Megawati Resmi Tunjuk Ganjar Maju Capres 2024,2
Imam di Turki mencium tangan anjing yang menyelamatkan 3 orang yang tersangkut di puing-puing,2
Putri Sulung Sambo Akhiri Hidup Usai Sambo Dihukum Mati,2
Rudal Rusia Hancurkan Apartemen di New York,2
Perang Dunia III Pecah jika China-Iran Terlibat Konflik Indonesia-Australia,2
Penampakan Kota Ghaib Saranjana Melalui Teropong,2
Desy Ratnasari Meninggal Dunia,2
Rusia dan Korea Utara Membela Indonesia,2
Puan Maharani siap maju jadi Capres 2024 karena dipaksa rakyat sampai tidak bisa tidur,2
Hakim Wahyu dicopot oleh Jokowi,2
Rumah Anies Baswedan digeruduk oleh pendukung Sandiaga Uno,2
Nagita Angkat Suara Terkait Harta Gono Gini Mama Rita,2
Pesan WhatsApp Menawarkan Bantuan Oleh Dinas Sosial Kabupaten Pacitan,2
Video Akibat Gempa Turki Seorang Penduduk Melompat Keluar,2
Anies Tanda Tangani “Pakta Integritas” kepada HTI dan FPI,2
Foto Kemasan Baru Oreo x EXO,2
Sambo Sujud Minta Ampun Datangi Istana Mohon Tidak Dihukum Mati,2
Video Persiapan Juru Tembak Untuk Eksekusi Ferdy Sambo CS,2
Video Najwa Shihab Tampar Mulut Farhat Abbas dan Nikita Mirzani,2
Tangkapan Layar Artikel Bergambar Animasi Berwajah Jokowi,2
Ribuan Pasukan TNI Menerobos Pertahanan Malaysia,2
KIKY SAPUTRI ADAKAN GIVEAWAY MELALUI TIKTOK,2
AKUN WHATSAPP KASI INTEL KEJARI BANJAR I MADE DEADY PERMANA,2
"AKUN WHATSAPP SEKDA KABUPATEN BOGOR TAWARKAN DONASI DANA BANTUAN PEMBANGUNAN, REHABILITASI DAN OPERASIONAL MASJID",2
NATO Kirim Senjata ke Australia,2
Perang Indonesia Ku VS australia semakin tak terbendung!,2
Australia Isyaratkan Damai dengan Indonesia,2
penculikan anak untuk dijual dan diambil jantungnya,2
Daun Ciplukan Sembuhkan Lumpuh dan Stroke,2
Gisel Hamil Anak Kedua dengan Gading Marten,2
Detik detik Adian Napitulu Permalukan SBY Saat Live TV Nasional,2
Tantri KOTAK Meninggal Dunia,2
MOBIL GIBRAN DIHANCURKAN USAI POSTING FOTO ANIES PAKAI BAJU KPK,2
CRISTIANO RONALDO RESMI MENIKAH DENGAN ISTRINYA DI ARAB,2
pesawat tempur Su-35 melakukan beberapa keajaiban luar biasa,2
Musisi Virgoun Telah Berpulang,2
Video Pertemuan Rahasia Anies Baswedan Dengan Pengusaha di Eropa,2
Meninggal karena Makan Mi dan Cokelat secara Bersamaan,2
Anggota DPRD Jambi Berbuat Asusila di Mobil Sebelum Alami Kecelakaan,2
Ahok Berhasil Dibekuk dan Dijebloskan,2
Surat Penunjukan Penyedia Barang/Jasa (SPPBJ) Oleh Direktorat Jenderal Minyak dan Gas Bumi,2
Akun Sekda Kabupaten Karanganyar Timotius Suryadi,2
Akun WhatsApp Sekda Temanggung Hary Agung Prabowo,2
Ulama ini tidak beranjak dari tempat duduknya saat gempa di Turki,2
FIRLI BAHURI TERJERAT OTT KPK,2
"PUNYA HUTANG 50 MILIAR, SANDIAGA UNO GUGAT ANIES BASWEDAN",2
GEMPA DENGAN KEKUATAN 12.7 SR MENGGUNCANG JAKARTA,2
Vaksin booster yg ke 2 harus bayar 100 Ribu,2
Gus Azmi Raja Tawuran,2
"TIDAK DISOROT MEDIA , DUA ARMADA TEMPUR INDONESIA BERAKHIR TRAGIS DI NATUNA UTARA",2
NGERI !! CHINA BERHASIL OBRAK-ABRIK MILITER INDONESIA,2
Video “Jokowi Ungkap bahwa negara Uni eropa dan barat Mencoba Melemahkan indonesia”,2
Bandara King Hamad di Doha Qatar Memiliki Luas 776 Kilometer Persegi dan Lebih Besar Daripada Kota Mumbai di India,2
PT Pos Indonesia Bagikan Subsidi Pemerintah Senilai Rp 2 Juta,2
PEMBANGKIT NUKLIR MELEDAK AKIBAT GEMPA BUMI DI TURKI,2
AHLI JANTUNG INDONESIA BERBAGI CARA SEDERHANA UNTUK MENORMALKAN TEKANAN DARAH,2
Krisdayanti Histeris Raul Lemos Menikah Lagi,2
Video “Konspirasi Ricuhnya Papua Diduga Ulah Australia Yang Ingin Kuasai Papua Dari Indonesia”,2
VIDEO “ROBOHNYA GEDUNG-GEDUNG PASCA GEMPA DI TURKEY”,2
TRUK DENGAN GAMBAR ANIES TERPEROSOK KE SUMUR RESAPAN,2
TIM INASAR ( INDONESIA) sudah ada di Turki membantu pencarian para korban akibat gempa bumi,2
Foto “spanduk tahun 2003 Warga Nahdliyin Rindu Khilafah”,2
Jokowi Ancam Malaysia Jika Nekat Kirim Senjata ke Australia,2
Iis Dahlia Meninggal Dunia,2
Rudal Indonesia Hancurkan Tentara dan Senjata Australia,2
AS-Eropa Kirim Bantuan Senjata ke Malaysia,2
Australia Korbankan Warganya dalam Perang Melawan Indonesia,2
Ferdy Sambo Akan Dieksekusi Mati Pada 13 Februari 2023,2
TSUNAMI DI SALAH SEBUAH RESORT TEPI PANTAI TURKI,2
Pabrik Nuklir Turki terbakar #TurkeyEarthquake #turkeyearthquake2023,2
JOKOWI INCAR BABI PANGGANG SAAT PESTA IMLEK,2
BRI Bagikan Subsidi Pengentasan Kemiskinan dari Pemerintah Rp 5 Juta,2
"Pencegahan awal gejala stroke untuk penderita riwayat hipertensi, diabetes dan kolestrol",2
Demo besar-besaran di Australia Mereka bawa kain Merah-Putih Dan Meneriakan nama Jokowi,2
"Eks Danjen kopassus sebut Buzzer Anies Mahluk Pemakan Bangkai, Tukang Fitnah Dan Adu Domba",2
"Video Kapal China Masuk Natuna,TNI Siaga Tempur! TERKINI!",2
Puluhan Tentara Ukraina Dikubur Sembarangan di Kuburan Masal,2
Video Kehidupan di Amsterdam,2
CHINA KETAR KETIR!!TEPAT HARI INI JOKOWI AMBIL LAHKAH BEGINI,2
Video Kemunculan Burung Garuda di Jawa Timur,2
NYATA!!! Penampakan Kota Gaib Saranjana… VIDEO AMATIR NOKIA 3660 ANTARA 2003/2004,2
#Tsunami menghantam pantai #Turki beberapa menit yang lalu setelah #Gempa Bumi,2
Indonesia Siap Akhiri Perang dengan Australia,2
PENCULIKAN ANAK MENGGUNAKAN MOBIL AVANZA DI MADURA,2
"4 Februari 2023, Deklarasi tambah 1 Periode lagi ini di Hadiri Langsung Oleh Presiden RI Joko Widodo",2
Tentara Cina Sudah Masuk Indonesia Tengah Malam Secara Terang-terangan Pakai Seragam,2
Video “CHINA PANIK TOTAL RIBUAN PASUKAN DIRGANTARA INDONESIA PENUHI DARATAN TIONGKOK”,2
MINUM ES SECARA RUTIN LEBIH BERBAHAYA DARI ROKOK,2
Video Tahun 1956 Telah Memprediksi Pandemi COVID-19,2
Akun Telegram Ternak Uang,2
KALIMANTAN TOLAK KEDATANGAN JOKOWI IKN TERANCAM Gagal SUKU DAYAK NGAMUK,2
DITEMUKAN BATU BERMUATAN LISTRIK DI KONGO,2
RUMAH CAK NUN DISEGEL DENSUS 88,2
Mahfud MD Dipecat dari Menkopolhukam,2
Ayah Ria Ricis Meninggal Januari 2023,2
PETARUHKAN NYAWA DEMI NKRI!! SEKUTU SEIMAN RI KIRIMKAN RIBUAN PASUKAN ELITE KE PERBATASAN LAKUKAN INI,2
Walikota Solo Mengeluarkan Perda Tawarkan Rp 1 Juta Bagi Warganya yang Ingin Berhenti Merokok,2
"Link Kuesioner PT KAI Berhadiah Rp5,000,000",2
Kondisi Memanas antara Suku Dayak dengan Penduduk Cina di Kalimantan,2
Gunung Semeru Meletus Menelan Ratusan Nyawa,2
Ibunda Ashanty Meninggal Januari 2023,2
Ashanty Nekat Datangkan Polisi Ke Rumah Pencuri Tasnya,2
"Survei Pengguna Chrome, Berhadiah Apple iphone 13 Pro",2
"Keputusan Final Jokowi, Ferdy Sambo Akan Segera Ditembak Mati",2
Foto Anak Korban Penculikan Yang Diambil Organ Tubuhnya di Depok,2
Prabowo Bantu Jokowi Lawan Eropa,2
Video “Viral!! Mahfud MD Bongkar Kasus Suap Dibalik Sidang Ferdy Sambo”,2
REKAMAN CCTV PENCULIKAN ANAK DIBIUS DAN DIMASUKKAN KARUNG DI BEKASI,2
Seseorang Bisa Mendapatkan Vaksin mRNA Dengan Memakan Daging Hewan Ternak yang Sudah Tervaksinasi mRNA,2
Venna Melinda Meninggal Dunia,2
Coach Rahmad Darmawan Memberikan Dukungan La Nyalla Mattalitti Menjadi Ketua Umum PSSI,2
Video Banjir Bandang Hanyutkan Batam,2
AKUN WHATSAPP WAKIL BUPATI SUKOHARJO AGUS SANTOSA MENWARKAN PROGRAM BANTUAN,2
Surat Undangan Seminar Budaya Mutu Oleh Ditjen Belmawa Kemendikbudristek,2
Video “TNI GEMPUR MARKAS ISRAEL DAN PASUKAN AS HINGGA BEGINI”,2
REKRUTMEN OLEH PT PERTAMINA JANUARI 2023,2
ATRIBUT DAN BALIHO ANIES DIBAKAR,2
LAGA DEBUT CRISTIANO RONALDO DI AL-NASSR DISAKSIKAN HAMPIR 15 MILIAR MANUSIA DARI TAYANGAN TELEVISI,2
BILL GATES AKAN MEMASUKKAN VAKSIN MRNA KE MAKANAN UNTUK MEMAKSA ORANG YANG TIDAK DIVAKSINASI,2
STRIKER NEWCASTLE ALLAN SAINT-MAXIMIN AKAN DINATURALISASI,2
Sering Masturbasi Dapat Menurunkan IQ,2
KROYOK NEGERI KANGGURU45 NEGARA SAHABAT NYATAKAN BANTU RI PORAK-PORADAKAN AUSSIE DI PULAU SENGKETA,2
Pamflet Kegiatan Penghimpunan/Penggalangan Dana Membantu Korban Bencana Alam oleh Kemensetneg,2
Video Kericuhan antara Masyarakat Pribumi dengan Non Pribumi,2
Kolonel TNI Aktif Mempertanyakan Kampanye dan Tata Cara Pencoblosan Berbahasa Mandarin,2
Perubahan Tarif Transaksi BRI,2
Ganjar Pranowo Dipecat dari PDIP,2
Akun WhatsApp Dinas Sosial Kota Balikpapan Menawarkan Bantuan,2
"TAK TERIMA BAPAKNYA DIKATAIN FIRAU, GIBRAN LAYANGKAN 5 TUNTUTAN HUKUM !! CAK NUN LANGSNG KEJANG²",2
"MENCEKAM , KOTA KE DUA MALAYSIA HANCUR JADI ARANG",2
SKEMA KEANGGOTAAN PLATFORM DIGITAL OLEH BANK INDONESIA,2
Kaesang Pangarep Tolak Tawaran Partai Demokrat,2
Penampakan UFO di atas Gunung Merapi 24 Januari 2023,2
"Video “Kiamat malaysia telah tiba, TNI tancapkan merah putih di tanah malaysia”",2
Ustadz Maulana Meninggal Tadi Sore Pukul 16:21 WIB,2
Banten hari ini bersama Bang Anies,2
"Mengamuk dan Mengigit 5 Rekan Kerjanya, Seorang Buruh Pabrik di Depok Terpaksa Dikarantina",2
Yenny Wahid Resmi Jadi Cawapres Anies Baswedan,2
Mendagri Pecat PJ Gubernur DKI Jakarta,2
China dan Iran Dukung Indonesia Menghadapi Australia,2
Jokowi naik pitam usir dubes china dan malaysia dari indonesia,2
Ivan Gunawan Meninggal Dunia Terkena Serangan Jantung,2
Ferdy Sambo Teriak Ngamuk-ngamuk Diseret Eksekusi,2
Presiden Jokowi bersih-bersih kabinet dari penghianat dengan copot 6 menteri.,2
200 Juta rakyat China akan menempati 10 proyek reklamasi,2
Rekaman terakhir tenggelamnya kapal Titanic,2
Broadcast Chat Lowongan Kerja Operator Produksi PT Wings Group,2
Azriel Hermansyah Dipaksa Menikahi Pacarnya Sarah Menzel,2
Venna Melinda Hamil dan Mendapat Perlakuan Kasar Dari Ferry Irawan,2
Uya Kuya Hipnotis Rozy Zay dan Ibu dari Norma Risma,2
Jokowi Tegaskan Siap Keluar Dari WTO,2
Terkuaknya Sifat Asli Ibu Rihanah Terhadap Norma Risma,2
Selebaran WASPADA!! Ada Penculikan Anak-anak yang berumur 1-12 tahun dari Polda Metro Jaya,2
Demokrat Kejang2 SBY-AHY Gak Terima Lucas Enembe Dijemput Paksa KPK,2
Kematian Lisa Marie Presley Berkaitan Dengan Suntikan Vaksin Covid-19,2
CEO Moderna Baru Mengakui Telah Membuat Vaksin Covid-19 Bahkan Sebelum Penyakit Itu Punya Nama,2
Foto Mzee John Merayakan Ulang Tahun ke 146 Tahun,2
"Pemanasan Global Adalah Hoax, Data Menunjukkan Suhu Bumi Semakin Mendingin 0,11°C per Dekade",2
Klitih di Solo,2
Jhon LBF Membagikan Uang 100 Juta,2
Masker Menyebabkan Kanker hingga Hipoksemia,2
Lukas Enembe Seret SBY Dan Ketum Demokrat,2
CAK NUN SEBUT JOKOWI SEPERTI FIR’AUN KARENA DISURUH,2
Pesan Whatsapp Imbauan TNI POLRI Modus Kejahatan Anak Kecil Membawa Alamat,2
KABAR HARI INI PERJUANGAN PAK JOKOWI TERBAYARKAN… “Malaysia menyerah dan siap tunduk pada aturan soal PMI”,2
Video giveaway Jusuf Hamka melalui akun Facebook Yusuf HAMKA,2
Bahaya Parah yang Dilakukan Vaksin Covid-19 pada Otak,2
PERCEPAT KIAMAT AUSTRALIA…! RUSIA DAN SEKUTU ANCAM TEMBAK JATUH SATELIT KOMERSIAL MILIK BARAT,2
CHINA DESAK MALAYSIA MENYERAH KE INDONESIA SEBELUM TERLAMBAT SEPETI AUSTRALIA,2
JOKOWI BEBASKAN BHARADA E DARI PENJARA,2
VARRELL BRAMASTA DITANGKAP POLISI DENGAN KASUS KEKERASAN TERHADAP WARTAWAN,2
Laudya Cynthia Bella Pindah Agama Demi Menikah Dengan Dimas Beck,2
Kabar Penyanyi Iwan Fals Meninggal Dunia,2
Video Gibran Marah Obrak Abrik Rumah Cak Nun,2
Jokowi Terharu Kaesang Bantu Seluruh Biaya Pengobatan Indra Bekti,2
Tentara Australia Menyerah kepada Pasukan Indonesia,2
"BERTAUBAT.! IBU NORMA RISMA TEBUS KESALAHAN, BONGKAR RAHASIA ROZY, AKHIRNYA ROZY RESMI DI PENJARA",2
PEMUDA YG GREBEK MUNCUL.! TUNJUKKAN ADEGAN TEL4NJ4NG IBU NORMA SAAT DIKONTRAKAN ROZY,2
"M4MPUS.! PEMERINTAH JERMAN TAMPAR KERAS NIKMIR, TERNYATA BUNDA CORLA TAAT PAJAK & WNA YANG BAIK",2
Video “vaksin Pfizer adalah vaksin yang tidak efektif”,2
Cuti Bersama 23 Januari 2023 Bukan Libur Imlek Tapi Karena Ulang Tahun Megawati Soekarnoputri,2
Video Awan Supercell di Miami,2
Pernyataan Sri Sultan Hamengkubuwono Bahwa Etnis Cina Tidak Pantas Jadi Pemimpin di Nusantara,2
SMP N 1 Ciawi memasukkan Kurikulum Dansa dlm pelajaran Extrakulikuler,2
Varrel Usir Ferry Irawan Waktu Pulang ke Rumah Venna Melinda.,2
Iriana Jokowi Marah Besar Tak Terima Kehormatan Presiden Dilecehkan,2
Azriel Hermansyah menghamili seorang gadis Bali,2
Kaesang dan Erina Putuskan Berpisah,2
Kopi Hitam Obat Step atau Kejang,2
Rekaman Pesawat Yeti Airlines Jatuh Di Nepal terekam Kamera Mobil,2
Video “dilakukan secara masal – malaysia – ucrania”,2
Ukraina Tembak Rudal ke Jet Tempur Sendiri,2
Krisdayanti Meninggal Dunia,2
"Bill Gates Menarik Diri Tidak Jadi Hadiri KTT WEF 2023 di Davos, Swiss",2
Shopee Bagi Hadiah Rp185Juta Diumumkan Secara Resmi Via SMS,2
Wisatawan Lari Akibat Letusan Gunung Tangkuban Perahu,2
"Kini Sudah Ada Fasilitas Rahim Buatan, Orang Tua Bisa Memilih Karakteristik Bayinya",2
Hanya Dengan Obat Sirup Dapat Menyembuhkan Berbagai Penyakit Paru-Paru,2
Video Keadaan Pulau Jawa yang Tenggelam Akibat Pemanasan Global,2
Komedian Mandra Meninggal Dunia,2
Gempa Bumi di Malang Telan Ratusan Koban Jiwa,2
Anies Mengalami Kecelakaan di Tol,2
"Korban Dijadikan Tersangka!! Mantan Suami Berhasil Memenjarakan Norma Risma, Semua Artis Murka!!",2
Ratusan Rudal Australia Mendarat di Jantung Konvoi TNI,2
Gula Merah Lebih Sehat daripada Gula Pasir dan Gula Batu,2
Virus Ponsel dari Memperbarui WhatsApp Gold dan Video Martinelli,2
Raffi Ahmad dan Ruben Onsu Sumbang 1.2M untuk Indra Bekti,2
Video Najwa Shihab Membongkar 3 Rahasia Yessy Kirana Yudha,2
Presenter Indra Bekti Meninggal Dunia,2
MEGA USUNG GIBRAN-GANJAR 2024,2
NASA PUNYA MESIN PEMBUAT AWAN HUJAN BUATAN,2
Jus Daun Pepaya untuk Obat Demam Berdarah Dengue (DBD),2
Gambar Tangkapan Layar Artikel Warta Ekonomi “Ganjar Pranowo gagal Tangani banjir Semarang Netizen ; Pangeran Tik Tok kemana aja”,2
Indonesia Vs Australia Pecah!!! Indonesia Lancarkan Serangan Ke Garda Terdepan Australia,2
"ALLHAMDULILLAH !! AKHIRNYA AYAH BRIGADIR J, BEBASKAN BHARADA E",2
"JIKA ANDA DIGIGIT ULAR COBRA JANGAN PANIK, TUMBUKAN KUNYIT, SELEDRI DAN MINYAK KAYU PUTIH OLESKAN KEBAGIAN YANG DIGIGIT DAN DIBUNGKUS SELURUH TUBUH DENGAN KAIN KAFAN",2
PDIP usung Megawati di pilpres 2024,2
Ibu Norma Risma Hamil Tiga Bulan Dengan Menantunya,2
Ronaldo mengaku cinta Islam.,2
"SERANGAN GILA INDONESIA TEWASKAN RATUSAN TENTARA AUSTRALIA,,MAYAT BERSERAKAN DI PULAU",2
"ribuan orang mengantri untuk membeli jam tangan pintar Jepang ini, kekurangan oksigen menyebabkan banyak orang pingsan",2
Kurang Ajar Malaysia Punya Niat Busuk Ini Pada Indonesia,2
Luna Maya Menikah dengan Gading Marten,2
Laudya cynthia bella resmi menikah kedua kali bersama dimas beck,2
Tahun Baru Mencekam Malaysia !! Serangan Darat Besar Besaran Pasukan Ri Terhadap Malaysia,2
Kedatangan Rombongan Dokter Tiongkok ke Indonesia Untuk Pembunuhan Massal,2
"Gambar Tangkap Layar Artikel CNN Indonesia, Heru Budi: Saya disuruh Jokowi Acak-Acak Kerja Anis Biar Nampak Kerja Saya",2
Video TikTok “Waspada Cuaca Ekstrem 29-30 Desember 2022”,2
"MERENDAM KAKI MENGGUNAKAN MINYAK TANAH, GARAM DAN ES BATU DAPAT MEREDAKAN KOLESTEROL, ASAM URAT DAN DARAH TINGGI",2
Lesty Meninggal Dunia Dibunuh Orang Tak Dikenal,2
Anies Baswedan Berselingkuh dengan Dhena Devanka,2
WARGA RAYAKAN PENANGKAPAN BUPATI CIANJUR TERKAIT PENGGELAPAN DANA BANSOS UNTUK KORBAN GEMPA.,2
BAIM PAULA BAGIKAN 23 MOBIL TOYOTA ALPHARD GRATIS DALAM RANGKA MENYAMBUT TAHUN BARU 2023,2
Kehancuran Tatanan Dunia Pecah Di Pulau Pasir – Tidak Ada Kata Ampuh Bagi Negara Pengganggu,2
Video Putri Duyung Afrika,2
Video “Bela Indonesia Jerman surati Australia segera menyerah Jika tak mau jadi ukraina ke dua”,2
"PDIP Tampakkan Wajah, di 2024 Duet Ganjar Ahok Diumumkan Ke Publik",2
FAJAR SADBOY MENINGGAL DUNIA AKIBAT KECELAKAAN MOBIL DI JALAN TOL,2
PESAWAT INI HILANG TIBA-TIBA MENDARAT 37 TAHUN KEMUDIAN.,2
Fenomena Solstis Menyebabkan Matahari Terbit dan Terbenam Berhenti Serta Berbalik Arah,2
Gereja Capela dos Ossos di Portugal Dibangun dari Tulang Belulang Umat Islam Andalusia,2
"Innalillahi Indra Bekti Meninggal Dunia, Istri dan Anak Indra Menangis Pecah",2
Video “Ri Tolak Perdamaian Tingkatkan Serangan Brutal Ke Kota Kuala Lumpur Malaysia”,2
GADING MARTEN RESMI MUALLAF DIPANDU ABDUL SOMAD DEPAN ROY MARTEN,2
Kaesang Pangarep Tanggung Semua Biaya Pengobatan Indra Bekti,2
FERDY SAMBO KAGET JESSICA KUMALA BONGKAR BUKTI INI DI DEPAN HAKIM,2
"Video “gempa Dari #Indonesia Magnitudo 7,7, getaran terasa lebih dari 2000 kilometer”",2
EMAIL PROGRAM KERJA SAMA SHOPEE DAN MAXIM BERHADIAH RP3 JUTA,2
FIFA AKAN PAJANG KAKI PELE DI MUSEUM,2
DETIK-DETIK BABI BERUBAH MENJADI MANUSIA,2
Video “RAJA SALMAN NGAMUK ARAB SAUDI SIAP BANTU Indonesia KONFLIK PULAU PASIR NTT INDONESIA VS AUSTRALIA”,2
Video Ratusan Tentara Andalan Amerika yang Tewas Tak Bernyawa,2
Anies mendapatkan gelar Liem Ay Bon,2
Video Pesawat Kiamat Milik Rusia dan China di Kepulauan Pasir,2
Video Kemunculan Eks Dokter Kandungan Tiko,2
Pesan WhatsApp Cek Tagihan BPJS Oleh Puskesmas Pacet Mojokerto,2
Armada Tempur Australia Terobos Laut NKRI Januari 2023,2
